{
  "country": [
    {
      "countryName": "オーストラリア",
      "capitalName": "キャンベラ",
      "flagName": "au",
      "worldPartCode": 3,
      "square": "7,692,024",
      "population": "25,627,280",
      "language": "オーストラリア英語",
      "currency": "オーストラリアドル（AUD）",
      "formOfGovernment": "立憲君主制",
      "religion": "カトリック"
    },
    {
      "countryName": "オーストリア",
      "capitalName": "静脈",
      "flagName": "at",
      "worldPartCode": 0,
      "square": "83,879",
      "population": "8,935,112",
      "language": "ドイツ人",
      "currency": "ユーロ（EUR）",
      "formOfGovernment": "連邦議会制共和国",
      "religion": "キリスト教、カトリック"
    },
    {
      "countryName": "アゼルバイジャン",
      "capitalName": "バクー",
      "flagName": "az",
      "worldPartCode": 1,
      "square": "86,600",
      "population": "10,127,874",
      "language": "アゼルバイジャン",
      "currency": "マナト（AZN）",
      "formOfGovernment": "単一の半大統領制共和国",
      "religion": "イスラム教"
    },
    {
      "countryName": "アルバニア",
      "capitalName": "ティラナ",
      "flagName": "al",
      "worldPartCode": 0,
      "square": "28,748",
      "population": "2,845,955",
      "language": "ギリシャ語、アラム語、マケドニア語",
      "currency": "レク（ALB）",
      "formOfGovernment": "単一議会立憲共和制",
      "religion": "イスラム教"
    },
    {
      "countryName": "アルジェリア",
      "capitalName": "アルジェリア",
      "flagName": "dz",
      "worldPartCode": 2,
      "square": "2,381,741",
      "population": "43,900,000",
      "language": "アラビア語、ベルベル語",
      "currency": "ディナール（DZD）",
      "formOfGovernment": "単一の半大統領制憲共和制",
      "religion": "イスラム教"
    },
    {
      "countryName": "アンゴラ",
      "capitalName": "ルアンダ",
      "flagName": "ao",
      "worldPartCode": 2,
      "square": "1,246,700",
      "population": "31,127,674",
      "language": "ポルトガル語",
      "currency": "クワンザ（AOA）",
      "formOfGovernment": "一党優位政党制の単一大統領立憲共和制",
      "religion": "キリスト教、カトリック"
    },
    {
      "countryName": "アンドラ",
      "capitalName": "アンドラ・ラ・ベリャ",
      "flagName": "ad",
      "worldPartCode": 0,
      "square": "467.63",
      "population": "77,543",
      "language": "カタロニア語",
      "currency": "ユーロ（EUR）",
      "formOfGovernment": "単一議会の半選挙の二頭政治",
      "religion": "旧教"
    },
    {
      "countryName": "アフガニスタン",
      "capitalName": "カブール",
      "flagName": "af",
      "worldPartCode": 1,
      "square": "652,230",
      "population": "32,225,560",
      "language": "パシュトゥー語（ダリー語）",
      "currency": "アフガニ（AFN）",
      "formOfGovernment": "単一大統領イスラム共和国",
      "religion": "イスラム教"
    },
    {
      "countryName": "アメリカ領サモア",
      "capitalName": "パゴパゴ",
      "flagName": "as",
      "worldPartCode": 3,
      "square": "200",
      "population": "55,212",
      "language": "英語、サモア語",
      "currency": "米ドル（USD）",
      "formOfGovernment": "強調された大統領の憲法上の依存",
      "religion": "キリスト教"
    },
    {
      "countryName": "アンギラ",
      "capitalName": "バレー",
      "flagName": "ai",
      "worldPartCode": 4,
      "square": "91",
      "population": "14,731",
      "language": "英語",
      "currency": "東カリブドル（XCD）",
      "formOfGovernment": "立憲君主制の下での議会依存",
      "religion": "カトリック"
    },
    {
      "countryName": "アンティグアバーブーダ",
      "capitalName": "セントジョンズ",
      "flagName": "ag",
      "worldPartCode": 4,
      "square": "440",
      "population": "96,286",
      "language": "英語",
      "currency": "東カリブドル（XCD）",
      "formOfGovernment": "単一議会立憲君主制",
      "religion": "キリスト教"
    },
    {
      "countryName": "アルゼンチン",
      "capitalName": "ブエノスアイレス",
      "flagName": "ar",
      "worldPartCode": 5,
      "square": "2,780,400",
      "population": "44,938,712",
      "language": "スペイン語",
      "currency": "アルゼンチンペソ（ARS）",
      "formOfGovernment": "連邦大統領立憲共和制",
      "religion": "キリスト教、カトリック"
    },
    {
      "countryName": "アルメニア",
      "capitalName": "エレバン",
      "flagName": "am",
      "worldPartCode": 1,
      "square": "29,743",
      "population": "2,956,900",
      "language": "アルメニア語",
      "currency": "ドラム（AMD）",
      "formOfGovernment": "単一議会制共和国",
      "religion": "キリスト教（アルメニア使徒教会）"
    },
    {
      "countryName": "アルバ",
      "capitalName": "オラニエスタッド",
      "flagName": "aw",
      "worldPartCode": 5,
      "square": "193",
      "population": "116,576",
      "language": "オランダ語、パピアメント語",
      "currency": "アルバ・フロリン（AWG）",
      "formOfGovernment": "立憲君主制における議会代表民主主義",
      "religion": "旧教"
    },
    {
      "countryName": "バハマ",
      "capitalName": "ナッソー",
      "flagName": "bs",
      "worldPartCode": 4,
      "square": "13,878",
      "population": "385,637",
      "language": "英語",
      "currency": "バハマドル（BSD）",
      "formOfGovernment": "単一議会立憲君主制",
      "religion": "キリスト教、プロテスタント"
    },
    {
      "countryName": "バーレーン",
      "capitalName": "マナーマ",
      "flagName": "bh",
      "worldPartCode": 1,
      "square": "780",
      "population": "1,569,446",
      "language": "アラブ",
      "currency": "バーレーンディナール（BHD）",
      "formOfGovernment": "単一議会立憲君主制",
      "religion": "イスラム教"
    },
    {
      "countryName": "バングラデシュ",
      "capitalName": "ダッカ",
      "flagName": "bd",
      "worldPartCode": 1,
      "square": "148,460",
      "population": "161,376,708",
      "language": "ベンガル",
      "currency": "バングラデシュタカ（BDT）",
      "formOfGovernment": "一党優位政党制の単一議会立憲共和制",
      "religion": "イスラム教"
    },
    {
      "countryName": "バルバドス",
      "capitalName": "ブリッジタウン",
      "flagName": "bb",
      "worldPartCode": 4,
      "square": "439",
      "population": "287,025",
      "language": "英語",
      "currency": "バルバドスドル（BBD）",
      "formOfGovernment": "単一議会立憲君主制",
      "religion": "キリスト教"
    },
    {
      "countryName": "ベラルーシ",
      "capitalName": "ミンスク",
      "flagName": "by",
      "worldPartCode": 0,
      "square": "207,595",
      "population": "9,408,400",
      "language": "ベラルーシ語、ロシア語",
      "currency": "ベラルーシルーブル（BYN）",
      "formOfGovernment": "単一大統領共和国",
      "religion": "東方正教会、正教会のキリスト教徒、無宗教"
    },
    {
      "countryName": "ベルギー",
      "capitalName": "ブリュッセル",
      "flagName": "be",
      "worldPartCode": 0,
      "square": "30,689",
      "population": "11,492,641",
      "language": "オランダ語、フランス語、ドイツ語",
      "currency": "ユーロ（EUR）",
      "formOfGovernment": "連邦議会立憲君主制",
      "religion": "キリスト教、宗教なし"
    },
    {
      "countryName": "ベリーズ",
      "capitalName": "ベルモパン",
      "flagName": "bz",
      "worldPartCode": 4,
      "square": "22,966",
      "population": "419,199",
      "language": "英語",
      "currency": "ベリーズドル（BZD）",
      "formOfGovernment": "単一議会立憲君主制",
      "religion": "キリスト教、宗教なし"
    },
    {
      "countryName": "ベナン",
      "capitalName": "ポルトノボ",
      "flagName": "bj",
      "worldPartCode": 2,
      "square": "114,763",
      "population": "11,733,059",
      "language": "フランス語",
      "currency": "西アフリカフラン（XOF）",
      "formOfGovernment": "単一大統領共和国",
      "religion": "キリスト教、イスラム教"
    },
    {
      "countryName": "ボリビア",
      "capitalName": "スクレ",
      "flagName": "bo",
      "worldPartCode": 5,
      "square": "1,098,581",
      "population": "11,428,245",
      "language": "スペイン語、ケチュア語、アイマラ語、グアラニー語",
      "currency": "ボリビア人（BOB）",
      "formOfGovernment": "単一大統領立憲共和制",
      "religion": "キリスト教、カトリック、プロテスタント"
    },
    {
      "countryName": "ボネール",
      "capitalName": "Кралендейк",
      "flagName": "bq",
      "worldPartCode": 5,
      "square": "294",
      "population": "20,104",
      "language": "オランダの",
      "currency": "米ドル（USD）",
      "formOfGovernment": "単一議会立憲君主制",
      "religion": "カトリック、プロテスタント"
    },
    {
      "countryName": "ボスニア・ヘルツェゴビナ",
      "capitalName": "サラエボ",
      "flagName": "ba",
      "worldPartCode": 0,
      "square": "51,129",
      "population": "3,301,000",
      "language": "ボスニア語、セルビア語、クロアチア語",
      "currency": "コンバーチブルマーク（BAM）",
      "formOfGovernment": "連邦議会制共和国",
      "religion": "イスラム教、正統派、カトリック"
    },
    {
      "countryName": "ボツワナ",
      "capitalName": "ハボローネ",
      "flagName": "bw",
      "worldPartCode": 2,
      "square": "581,730",
      "population": "2,254,068",
      "language": "英語、ツワナ語",
      "currency": "ボツワナプラ（BWP）",
      "formOfGovernment": "一党優位政党制の単一議会立憲共和制",
      "religion": "キリスト教、プロテスタント、無宗教"
    },
    {
      "countryName": "ブラジル",
      "capitalName": "ブラジル",
      "flagName": "br",
      "worldPartCode": 5,
      "square": "8,515,767",
      "population": "210,147,125",
      "language": "ポルトガル語",
      "currency": "ブラジルレアル（BRL）",
      "formOfGovernment": "連邦大統領立憲共和制",
      "religion": "キリスト教、ローマカトリック、プロテスタント、無宗教"
    },
    {
      "countryName": "ブルネイ",
      "capitalName": "バンダルスリブガワン",
      "flagName": "bn",
      "worldPartCode": 1,
      "square": "5,765",
      "population": "459,500",
      "language": "マレー語",
      "currency": "ブルネイドル（BND）",
      "formOfGovernment": "単一イスラム絶対君主制",
      "religion": "スンニ派イスラム教、キリスト教、仏教"
    },
    {
      "countryName": "ブルガリア",
      "capitalName": "ソフィア",
      "flagName": "bg",
      "worldPartCode": 0,
      "square": "110,993.6",
      "population": "6,951,482",
      "language": "ブルガリア語",
      "currency": "ブルガリアレフ（BGN）",
      "formOfGovernment": "単一議会制共和国",
      "religion": "キリスト教、ブルガリア正教会、無宗教、イスラム教"
    },
    {
      "countryName": "ブルキナファソ",
      "capitalName": "ワガドゥグー",
      "flagName": "bf",
      "worldPartCode": 2,
      "square": "274,200",
      "population": "21,510,181",
      "language": "フランス語",
      "currency": "西アフリカフラン（XOF）",
      "formOfGovernment": "単一の半大統領制憲共和制",
      "religion": "イスラム教、キリスト教、先住民の信念"
    },
    {
      "countryName": "ブルンジ",
      "capitalName": "ギテガ",
      "flagName": "bi",
      "worldPartCode": 2,
      "square": "27,834",
      "population": "11,865,821",
      "language": "ルンディ語、フランス語",
      "currency": "ブルンジフラン（BIF）",
      "formOfGovernment": "一党優位政党制の単一大統領立憲共和制",
      "religion": "キリスト教、カトリック"
    },
    {
      "countryName": "カンボジア",
      "capitalName": "プノンペン",
      "flagName": "kh",
      "worldPartCode": 1,
      "square": "181,035",
      "population": "15,288,489",
      "language": "クメール語",
      "currency": "リエル（KHR）",
      "formOfGovernment": "一党優位政党との単一議会選挙君主制",
      "religion": "仏教"
    },
    {
      "countryName": "カメルーン",
      "capitalName": "ヤウンデ",
      "flagName": "cm",
      "worldPartCode": 2,
      "square": "475,442",
      "population": "26,545,864",
      "language": "英語フランス語",
      "currency": "中央アフリカフラン（XAF）",
      "formOfGovernment": "一党優位政党制の半大統領制立憲共和制",
      "religion": "キリスト教、イスラム教"
    },
    {
      "countryName": "カナダ",
      "capitalName": "オタワ",
      "flagName": "ca",
      "worldPartCode": 4,
      "square": "9,984,670",
      "population": "38,008,005",
      "language": "英語フランス語",
      "currency": "カナダドル（CAD）",
      "formOfGovernment": "連邦議会立憲君主制",
      "religion": "キリスト教、無宗教、イスラム教"
    },
    {
      "countryName": "カーボベルデ",
      "capitalName": "プラヤ",
      "flagName": "cv",
      "worldPartCode": 2,
      "square": "4,033",
      "population": "543,767",
      "language": "ポルトガル語",
      "currency": "カーボベルデエスクード（CVE）",
      "formOfGovernment": "単一の半大統領制共和国",
      "religion": "キリスト教、カトリック、無宗教"
    },
    {
      "countryName": "ケイマン諸島",
      "capitalName": "ジョージタウン",
      "flagName": "ky",
      "worldPartCode": 4,
      "square": "264",
      "population": "65,813",
      "language": "英語",
      "currency": "ケイマン諸島ドル（KYD）",
      "formOfGovernment": "立憲君主制の下での議会依存",
      "religion": "キリスト教、プロテスタント"
    },
    {
      "countryName": "中央アフリカ共和国",
      "capitalName": "バンギ",
      "flagName": "cf",
      "worldPartCode": 2,
      "square": "622,984",
      "population": "4,666,368",
      "language": "フランス語、サンゴ",
      "currency": "中央アフリカフラン（XAF）",
      "formOfGovernment": "単一の半大統領制憲共和制",
      "religion": "キリスト教、プロテスタント、カトリック"
    },
    {
      "countryName": "チャド",
      "capitalName": "ンジャメナ",
      "flagName": "td",
      "worldPartCode": 2,
      "square": "1,284,000",
      "population": "13,670,084",
      "language": "アラビア語、フランス語",
      "currency": "中央アフリカフラン（XAF）",
      "formOfGovernment": "一党優位政党制の単一大統領共和国",
      "religion": "イスラム教、キリスト教"
    },
    {
      "countryName": "チリ",
      "capitalName": "サンティアゴ",
      "flagName": "cl",
      "worldPartCode": 5,
      "square": "756,096.3",
      "population": "17,574,003",
      "language": "スペイン語",
      "currency": "チリペソ（CLP）",
      "formOfGovernment": "単一大統領立憲共和制",
      "religion": "キリスト教、カトリック、プロテスタント"
    },
    {
      "countryName": "中国",
      "capitalName": "北京",
      "flagName": "cn",
      "worldPartCode": 1,
      "square": "9,596,961",
      "population": " 1,400,050,000",
      "language": "普通話",
      "currency": "元",
      "formOfGovernment": "統一マルクス主義-レーニン主義一党社会主義共和国",
      "religion": "儒教、仏教、イスラム教"
    },
    {
      "countryName": "コロンビア",
      "capitalName": "ボゴタ",
      "flagName": "co",
      "worldPartCode": 5,
      "square": "1,141,748",
      "population": "50,372,424",
      "language": "スペイン語",
      "currency": "コロンビアペソ（COP）",
      "formOfGovernment": "単一大統領立憲共和制",
      "religion": "キリスト教、カトリック、プロテスタント"
    },
    {
      "countryName": "コモロ",
      "capitalName": "モロニ",
      "flagName": "km",
      "worldPartCode": 2,
      "square": "1,861",
      "population": "850,688",
      "language": "コモロ語、フランス語、アラビア語",
      "currency": "コモロフラン（KMF）",
      "formOfGovernment": "連邦大統領共和国",
      "religion": "スンニ派イスラム教"
    },
    {
      "countryName": "クック諸島",
      "capitalName": "アバルア",
      "flagName": "ck",
      "worldPartCode": 3,
      "square": "236.7",
      "population": "17,459",
      "language": "英語、クックマオリ語",
      "currency": "ニュージーランドドル（NZD）",
      "formOfGovernment": "単一立憲君主制",
      "religion": "キリスト教"
    },
    {
      "countryName": "コスタリカ",
      "capitalName": "サンノゼ",
      "flagName": "cr",
      "worldPartCode": 4,
      "square": "51,100",
      "population": "4,999,441",
      "language": "スペイン語",
      "currency": "コスタリカコロンバス（CRC）",
      "formOfGovernment": "単一大統領立憲共和制",
      "religion": "キリスト教、ローマカトリック、プロテスタント、無宗教"
    },
    {
      "countryName": "コートジボワール",
      "capitalName": "Ямусукро",
      "flagName": "ci",
      "worldPartCode": 2,
      "square": "322,463",
      "population": "26,378,274",
      "language": "フランス語",
      "currency": "西アフリカCFAフラン（XOF）",
      "formOfGovernment": "議会制の単一大統領立憲共和制",
      "religion": "イスラム教、キリスト教、カトリック、プロテスタント"
    },
    {
      "countryName": "クロアチア",
      "capitalName": "ザグレブ",
      "flagName": "hr",
      "worldPartCode": 0,
      "square": "56,594",
      "population": "4,058,165",
      "language": "クロアチア語",
      "currency": "クナ（HRK）",
      "formOfGovernment": "単一議会立憲共和制",
      "religion": "キリスト教、カトリック、正統派、無宗教"
    },
    {
      "countryName": "キューバ",
      "capitalName": "ハバナ",
      "flagName": "cu",
      "worldPartCode": 4,
      "square": "109,884",
      "population": "11,193,470",
      "language": "スペイン語",
      "currency": "兌換ペソ（CUP）",
      "formOfGovernment": "統一マルクス主義-レーニン主義一党社会主義共和国",
      "religion": "クリスチャン、宗教なし"
    },
    {
      "countryName": "キュラソー",
      "capitalName": "ウィレムスタッド",
      "flagName": "cw",
      "worldPartCode": 5,
      "square": "444",
      "population": "163,424",
      "language": "パピアメント語、オランダ語、英語",
      "currency": "オランダ領アンティルギルダー（ANG）",
      "formOfGovernment": "立憲君主制における議会代表民主主義",
      "religion": "ローマカトリック、プロテスタント、無宗教"
    },
    {
      "countryName": "キプロス",
      "capitalName": "ニコシア",
      "flagName": "cy",
      "worldPartCode": 0,
      "square": "9,251",
      "population": "1,189,265",
      "language": "ギリシャ語、トルコ語",
      "currency": "ユーロ（EUR）",
      "formOfGovernment": "単一大統領立憲共和制",
      "religion": "正教会のキリスト教"
    },
    {
      "countryName": "チェコ共和国",
      "capitalName": "プラハ",
      "flagName": "cz",
      "worldPartCode": 0,
      "square": "78,866",
      "population": "10,693,939",
      "language": "チェコ語",
      "currency": "チェココルナ（CZK）",
      "formOfGovernment": "単一議会立憲共和制",
      "religion": "宗教、キリスト教、カトリックはありません"
    },
    {
      "countryName": "コンゴ民主共和国",
      "capitalName": "キンシャサ",
      "flagName": "cd",
      "worldPartCode": 2,
      "square": "2,345,409",
      "population": "89,561,404",
      "language": "フランス語",
      "currency": "コンゴフラン（CDF）",
      "formOfGovernment": "単一の半大統領制憲共和制",
      "religion": "キリスト教、カトリック"
    },
    {
      "countryName": "デンマーク",
      "capitalName": "コペンハーゲン",
      "flagName": "dk",
      "worldPartCode": 0,
      "square": "42,933",
      "population": "5,837,213",
      "language": "デンマーク語",
      "currency": "デンマーククローネ（DKK）",
      "formOfGovernment": "単一議会立憲君主制",
      "religion": "キリスト教、デンマーク国教会、宗教なし"
    },
    {
      "countryName": "ジブチ",
      "capitalName": "ジブチ",
      "flagName": "dj",
      "worldPartCode": 2,
      "square": "23,200",
      "population": "921,804",
      "language": "フランス語、アラビア語",
      "currency": "ジブチ・フラン（DJF）",
      "formOfGovernment": "一党優位政党制の単一大統領共和国",
      "religion": "イスラム教、キリスト教"
    },
    {
      "countryName": "ドミニカ",
      "capitalName": "ローズ",
      "flagName": "dm",
      "worldPartCode": 4,
      "square": "750",
      "population": "71,625",
      "language": "英語",
      "currency": "東カリブドル（XCD）",
      "formOfGovernment": "単一議会制共和国",
      "religion": "キリスト教、民間信仰"
    },
    {
      "countryName": "ドミニカ共和国",
      "capitalName": "サントドミンゴ",
      "flagName": "do",
      "worldPartCode": 4,
      "square": "48,671",
      "population": "10,878,246",
      "language": "スペイン語",
      "currency": "ドミニカペソ（DOP）",
      "formOfGovernment": "単一大統領共和国",
      "religion": "キリスト教、カトリック、プロテスタント"
    },
    {
      "countryName": "東ティモール",
      "capitalName": "ディリ",
      "flagName": "tl",
      "worldPartCode": 1,
      "square": "15,007",
      "population": "1,299,412",
      "language": "テトゥン語、ポルトガル語",
      "currency": "米ドル（USD）",
      "formOfGovernment": "単一の半大統領制憲共和制",
      "religion": "キリスト教、カトリック、プロテスタント"
    },
    {
      "countryName": "エクアドル",
      "capitalName": "キト",
      "flagName": "ec",
      "worldPartCode": 5,
      "square": "283,561",
      "population": "17,084,358",
      "language": "スペイン語",
      "currency": "米ドル（USD）",
      "formOfGovernment": "単一大統領立憲共和制",
      "religion": "キリスト教、カトリック、プロテスタント"
    },
    {
      "countryName": "エジプト",
      "capitalName": "カイロ",
      "flagName": "eg",
      "worldPartCode": 2,
      "square": "1,010,408",
      "population": "101,576,517",
      "language": "アラブ",
      "currency": "エジプトポンド（EGP）",
      "formOfGovernment": "単一の半大統領制共和国",
      "religion": "イスラム教"
    },
    {
      "countryName": "エルサルバドル",
      "capitalName": "サンサルバドル",
      "flagName": "sv",
      "worldPartCode": 4,
      "square": "21,041",
      "population": "6,420,746",
      "language": "スペイン語",
      "currency": "米ドル（USD）",
      "formOfGovernment": "単一大統領立憲共和制",
      "religion": "キリスト教、カトリック、プロテスタント"
    },
    {
      "countryName": "赤道ギニア",
      "capitalName": "マラボ",
      "flagName": "gq",
      "worldPartCode": 2,
      "square": "28,050",
      "population": "1,454,789",
      "language": "スペイン語、ポルトガル語、フランス語",
      "currency": "中央アフリカCFAフラン（XAF）",
      "formOfGovernment": "一党優位政党制の単一大統領立憲共和制",
      "religion": "キリスト教、カトリック、プロテスタント"
    },
    {
      "countryName": "エリトリア",
      "capitalName": "アスマラ",
      "flagName": "er",
      "worldPartCode": 2,
      "square": "117,600",
      "population": "6,081,196",
      "language": "ティグリニャ語、ベジャ語、ティグレ語、クナマ語",
      "currency": "ナクファ（ERN）",
      "formOfGovernment": "単一の一党制大統領共和国",
      "religion": "キリスト教、イスラム教"
    },
    {
      "countryName": "エストニア",
      "capitalName": "タリン",
      "flagName": "ee",
      "worldPartCode": 0,
      "square": "45,339",
      "population": "1,329,460",
      "language": "エストニア語",
      "currency": "ユーロ（EUR）",
      "formOfGovernment": "単一議会制共和国",
      "religion": "宗教なし、キリスト教、正統派"
    },
    {
      "countryName": "エチオピア",
      "capitalName": "アディスアベバ",
      "flagName": "et",
      "worldPartCode": 2,
      "square": "1,104,300",
      "population": "109,224,414",
      "language": "アムハラ語、オロモ語、ソマリア語、ティグリニャ語",
      "currency": "ブル（ETB）",
      "formOfGovernment": "民族連邦主義者（連邦）議会制共和国",
      "religion": "キリスト教、エチオピア正教会、ペンタイ"
    },
    {
      "countryName": "フィジー",
      "capitalName": "ドライ",
      "flagName": "fj",
      "worldPartCode": 3,
      "square": "18,274",
      "population": "926,276",
      "language": "フィジー語、英語、フィジーヒンディー語",
      "currency": "フィジードル（FJD）",
      "formOfGovernment": "単一議会代表民主共和国",
      "religion": "キリスト教、メソジスト"
    },
    {
      "countryName": "フィンランド",
      "capitalName": "ヘルシンキ",
      "flagName": "fi",
      "worldPartCode": 0,
      "square": "338,455",
      "population": "5,536,146",
      "language": "フィンランド語、スウェーデン語",
      "currency": "ユーロ（EUR）",
      "formOfGovernment": "単一議会制共和国",
      "religion": "キリスト教、ルーテル派、正統派"
    },
    {
      "countryName": "フランス",
      "capitalName": "パリ",
      "flagName": "fr",
      "worldPartCode": 0,
      "square": "640,679",
      "population": "67,399,000",
      "language": "フランス語",
      "currency": "ユーロ（EUR）",
      "formOfGovernment": "単一の半大統領制憲共和制",
      "religion": "キリスト教、宗教なし"
    },
    {
      "countryName": "ガボン",
      "capitalName": "リーブルビル",
      "flagName": "ga",
      "worldPartCode": 2,
      "square": "267,667",
      "population": "2,119,275",
      "language": "フランス語",
      "currency": "中央アフリカCFAフラン（XAF）",
      "formOfGovernment": "一党優位政党制の単一大統領共和国",
      "religion": "キリスト教、カトリック、プロテスタント"
    },
    {
      "countryName": "ガンビア",
      "capitalName": "バンジュル",
      "flagName": "gm",
      "worldPartCode": 2,
      "square": "10,689",
      "population": "2,173,999",
      "language": "英語",
      "currency": "ダラス（GMD）",
      "formOfGovernment": "単一大統領共和国",
      "religion": "イスラム教、キリスト教"
    },
    {
      "countryName": "ジョージア",
      "capitalName": "トビリシ",
      "flagName": "ge",
      "worldPartCode": 1,
      "square": "69,700",
      "population": "3,716,858",
      "language": "ジョージア語",
      "currency": "グルジアのラリ（GEL）",
      "formOfGovernment": "単一議会立憲共和制",
      "religion": "キリスト教、グルジア正教会"
    },
    {
      "countryName": "ドイツ",
      "capitalName": "ベルリン",
      "flagName": "de",
      "worldPartCode": 0,
      "square": "357,022",
      "population": "83,166,711",
      "language": "ドイツ人",
      "currency": "ユーロ（EUR）",
      "formOfGovernment": "連邦議会制共和国",
      "religion": "キリスト教"
    },
    {
      "countryName": "ガーナ",
      "capitalName": "アクラ",
      "flagName": "gh",
      "worldPartCode": 2,
      "square": "239,567",
      "population": "31,072,940",
      "language": "英語、トウィ語、バサーレ語、ナファーンラ語、ブリ語、ダガリ語、ダバニ語",
      "currency": "座る（GHS）",
      "formOfGovernment": "単一大統領立憲共和制",
      "religion": "キリスト教、プロテスタント、カトリック"
    },
    {
      "countryName": "ギリシャ",
      "capitalName": "アテネ",
      "flagName": "gr",
      "worldPartCode": 0,
      "square": "131,957",
      "population": "10,724,599",
      "language": "ギリシャ語",
      "currency": "ユーロ（EUR）",
      "formOfGovernment": "単一議会制共和国",
      "religion": "キリスト教、ギリシャ正教、キリスト教"
    },
    {
      "countryName": "グレナダ",
      "capitalName": "セントジョージ",
      "flagName": "gd",
      "worldPartCode": 4,
      "square": "348.5",
      "population": "111,454",
      "language": "英語",
      "currency": "東カリブドル（XCD）",
      "formOfGovernment": "単一超党派議会立憲君主制",
      "religion": "キリスト教、プロテスタント"
    },
    {
      "countryName": "グアテマラ",
      "capitalName": "グアテマラ",
      "flagName": "gt",
      "worldPartCode": 4,
      "square": "108,889",
      "population": "17,263,239",
      "language": "スペイン語",
      "currency": "ケツァル（GTQ）",
      "formOfGovernment": "単一大統領共和国",
      "religion": "キリスト教、カトリック、プロテスタント"
    },
    {
      "countryName": "ギニア",
      "capitalName": "コナクリ",
      "flagName": "gn",
      "worldPartCode": 2,
      "square": "245,857",
      "population": "12,414,293",
      "language": "フランス語",
      "currency": "ギニアフラン（GNF）",
      "formOfGovernment": "単一大統領共和国",
      "religion": "イスラム教、キリスト教"
    },
    {
      "countryName": "ギニアビサウ",
      "capitalName": "ビサウ",
      "flagName": "gw",
      "worldPartCode": 2,
      "square": "36,125",
      "population": "1,874,303",
      "language": "ポルトガル語",
      "currency": "西アフリカCFAフラン（XOF）",
      "formOfGovernment": "単一の半大統領制共和国",
      "religion": "イスラム教徒、キリスト教"
    },
    {
      "countryName": "ガイアナ",
      "capitalName": "ジョージタウン",
      "flagName": "gy",
      "worldPartCode": 5,
      "square": "214,970",
      "population": "743,700",
      "language": "英語",
      "currency": "ガイアナドル（ALL）",
      "formOfGovernment": "単一大統領立憲共和制",
      "religion": "キリスト教、ヒンドゥー教、イスラム教"
    },
    {
      "countryName": "ハイチ",
      "capitalName": "ポルトープランス",
      "flagName": "ht",
      "worldPartCode": 4,
      "square": "27,750",
      "population": "11,439,646",
      "language": "ハイチクレオール語、フランス語",
      "currency": "Urd（HTG）",
      "formOfGovernment": "単一の半大統領制共和国",
      "religion": "キリスト教、宗教なし"
    },
    {
      "countryName": "ホンジュラス",
      "capitalName": "テグシガルパ",
      "flagName": "hn",
      "worldPartCode": 4,
      "square": "112,492",
      "population": "9,587,522",
      "language": "スペイン語",
      "currency": "レンピラ（HNL）",
      "formOfGovernment": "単一大統領共和国",
      "religion": "キリスト教、カトリック、プロテスタント"
    },
    {
      "countryName": "ハンガリー",
      "capitalName": "ブダペスト",
      "flagName": "hu",
      "worldPartCode": 0,
      "square": "93,030",
      "population": "9,769,526",
      "language": "ハンガリー語",
      "currency": "フォリント（HUF）",
      "formOfGovernment": "一党優位政党制の単一議会立憲共和制",
      "religion": "キリスト教、カトリック、プロテスタント"
    },
    {
      "countryName": "アイスランド",
      "capitalName": "レイキャビク",
      "flagName": "is",
      "worldPartCode": 0,
      "square": "102,775",
      "population": "364,134",
      "language": "アイスランド語",
      "currency": "アイスランドクローナ（ISK）",
      "formOfGovernment": "単一議会制共和国",
      "religion": "キリスト教、アイスランド国教会"
    },
    {
      "countryName": "インド",
      "capitalName": "ニューデリー",
      "flagName": "in",
      "worldPartCode": 1,
      "square": "3,287,263",
      "population": "1,352,642,280",
      "language": "ヒンディー語、英語",
      "currency": "インドルピー（INR）",
      "formOfGovernment": "連邦議会制共和国",
      "religion": "ヒンドゥー教、イスラム教、キリスト教、シーク教"
    },
    {
      "countryName": "インドネシア",
      "capitalName": "ジャカルタ",
      "flagName": "id",
      "worldPartCode": 1,
      "square": "1,904,569",
      "population": "270,203,917",
      "language": "インドネシア語",
      "currency": "インドネシアルピア（IDR）",
      "formOfGovernment": "単一大統領立憲共和制",
      "religion": "イスラム教、キリスト教、ヒンドゥー教"
    },
    {
      "countryName": "イラン",
      "capitalName": "テヘラン",
      "flagName": "ir",
      "worldPartCode": 1,
      "square": "1,648,195",
      "population": "83,183,741",
      "language": "ペルシア語",
      "currency": "イランリアル（IRR）",
      "formOfGovernment": "ユニタリーホメイニスト大統領イスラム共和制",
      "religion": "イスラム教、シーア派イスラム教、スンニ派イスラム教"
    },
    {
      "countryName": "イラク",
      "capitalName": "バグダッド",
      "flagName": "iq",
      "worldPartCode": 1,
      "square": "437,072",
      "population": "38,433,600",
      "language": "アラビア語、クルド語",
      "currency": "イラクディナール（IQD）",
      "formOfGovernment": "連邦議会制共和国",
      "religion": "イスラム教、キリスト教"
    },
    {
      "countryName": "アイルランド",
      "capitalName": "ダブリン",
      "flagName": "ie",
      "worldPartCode": 0,
      "square": "84,421",
      "population": "6,572,728",
      "language": "英語、アイルランド語、アルスタースコットランド語、シェルタ語",
      "currency": "アイルランドポンド（IEP）",
      "formOfGovernment": "議会制共和国",
      "religion": "カトリック教会、アイルランド教会"
    },
    {
      "countryName": "イスラエル",
      "capitalName": "エルサレム",
      "flagName": "il",
      "worldPartCode": 1,
      "square": "20,770",
      "population": "9,330,380",
      "language": "ヘブライ語",
      "currency": "新シェケル（ILS）",
      "formOfGovernment": "単一議会立憲共和制",
      "religion": "ユダヤ教、イスラム教、キリスト教"
    },
    {
      "countryName": "イタリア",
      "capitalName": "ローマ",
      "flagName": "it",
      "worldPartCode": 0,
      "square": "301,340",
      "population": "60,317,116",
      "language": "イタリアの",
      "currency": "ユーロ（EUR）",
      "formOfGovernment": "単一議会立憲共和制",
      "religion": "キリスト教、宗教なし"
    },
    {
      "countryName": "ジャマイカ",
      "capitalName": "キングストン",
      "flagName": "jm",
      "worldPartCode": 4,
      "square": "10,991",
      "population": "2,726,667",
      "language": "英語",
      "currency": "ジャマイカドル（JMD）",
      "formOfGovernment": "単一議会立憲君主制",
      "religion": "キリスト教、プロテスタント"
    },
    {
      "countryName": "日本",
      "capitalName": "東京",
      "flagName": "jp",
      "worldPartCode": 1,
      "square": "377,975",
      "population": "125,480,000",
      "language": "日本語",
      "currency": "日本円（JPY）",
      "formOfGovernment": "単一議会立憲君主制",
      "religion": "神道、仏教"
    },
    {
      "countryName": "ヨルダン",
      "capitalName": "アンマン",
      "flagName": "jo",
      "worldPartCode": 1,
      "square": "89,342",
      "population": "10,658,123",
      "language": "アラブ",
      "currency": "ヨルダンディナール（JOD）",
      "formOfGovernment": "単一議会立憲君主制",
      "religion": "イスラム教"
    },
    {
      "countryName": "カザフスタン",
      "capitalName": "ヌルスルタン",
      "flagName": "kz",
      "worldPartCode": 1,
      "square": "2,724,900",
      "population": "18,711,560",
      "language": "カザフ",
      "currency": "テンゲ（KZT）",
      "formOfGovernment": "一党優位政党制の単一大統領立憲共和制",
      "religion": "イスラム教徒、キリスト教"
    },
    {
      "countryName": "ケニア",
      "capitalName": "ナイロビ",
      "flagName": "ke",
      "worldPartCode": 2,
      "square": "580,367",
      "population": "47,564,296",
      "language": "英語、スワヒリ語",
      "currency": "ケニアシリング（KES）",
      "formOfGovernment": "単一大統領立憲共和制",
      "religion": "キリスト教、プロテスタント、カトリック"
    },
    {
      "countryName": "キリバス",
      "capitalName": "サウスタラワ",
      "flagName": "ki",
      "worldPartCode": 3,
      "square": "811",
      "population": "119,940",
      "language": "英語、ギルバート",
      "currency": "オーストラリアドル（AUD）",
      "formOfGovernment": "行政機関を備えた単一議会制共和国",
      "religion": "キリスト教、バハーイー教"
    },
    {
      "countryName": "朝鮮民主主義人民共和国",
      "capitalName": "平壌",
      "flagName": "kp",
      "worldPartCode": 1,
      "square": "120,540",
      "population": "25,549,604",
      "language": "韓国語",
      "currency": "韓国人民ウォン（KPW）",
      "formOfGovernment": "全体主義独裁政権下のチュチェの単一一党共和国",
      "religion": "無宗教"
    },
    {
      "countryName": "大韓民国",
      "capitalName": "ソウル",
      "flagName": "kr",
      "worldPartCode": 1,
      "square": "100,363",
      "population": "51,709,098",
      "language": "韓国語",
      "currency": "大韓民国ウォン（KRW）",
      "formOfGovernment": "単一大統領立憲共和制",
      "religion": "宗教なし、キリスト教、韓国仏教"
    },
    {
      "countryName": "コソボ",
      "capitalName": "プリシュティナ",
      "flagName": "xk",
      "worldPartCode": 0,
      "square": "10,887",
      "population": "1,873,160",
      "language": "アルバニア語、セルビア語",
      "currency": "ユーロ（EUR）",
      "formOfGovernment": "単一議会立憲共和制",
      "religion": "イスラム教徒、キリスト教"
    },
    {
      "countryName": "クウェート",
      "capitalName": "クウェート",
      "flagName": "kw",
      "worldPartCode": 1,
      "square": "17,818",
      "population": "4,420,110",
      "language": "アラブ",
      "currency": "クウェートディナール（KWD）",
      "formOfGovernment": "単一立憲君主制",
      "religion": "イスラム教"
    },
    {
      "countryName": "キルギスタン",
      "capitalName": "ビシュケク",
      "flagName": "kg",
      "worldPartCode": 1,
      "square": "199,951",
      "population": "6,586,600",
      "language": "キルギス",
      "currency": "キルギスソム（KGS）",
      "formOfGovernment": "単一議会の世俗的な立憲共和制",
      "religion": "イスラム教、キリスト教"
    },
    {
      "countryName": "ラオス",
      "capitalName": "ビエンチャン",
      "flagName": "la",
      "worldPartCode": 1,
      "square": "237,955",
      "population": "7,123,205",
      "language": "ラオス語",
      "currency": "ラオス（LAK）",
      "formOfGovernment": "統一マルクス主義-レーニン主義一党社会主義共和国",
      "religion": "仏教、タイの民間信仰"
    },
    {
      "countryName": "ラトビア",
      "capitalName": "リガ",
      "flagName": "lv",
      "worldPartCode": 0,
      "square": "64,589",
      "population": "1,907,675",
      "language": "ラトビア語",
      "currency": "ユーロ（EUR）",
      "formOfGovernment": "単一議会立憲共和制",
      "religion": "キリスト教、ルーテル主義、カトリック"
    },
    {
      "countryName": "レバノン",
      "capitalName": "ベイルート",
      "flagName": "lb",
      "worldPartCode": 1,
      "square": "10,452",
      "population": "6,859,408",
      "language": "アラブ",
      "currency": "レバノンリラ（LBP）",
      "formOfGovernment": "単一議会の自白立憲共和制",
      "religion": "イスラム教徒、シーア派イスラム教、スンニ派イスラム教、キリスト教"
    },
    {
      "countryName": "レソト",
      "capitalName": "マセル",
      "flagName": "ls",
      "worldPartCode": 2,
      "square": "30,355",
      "population": "2,108,328",
      "language": "セソト語、英語",
      "currency": "たくさん（LSL）",
      "formOfGovernment": "単一議会立憲君主制",
      "religion": "キリスト教、カトリック、プロテスタント"
    },
    {
      "countryName": "リベリア",
      "capitalName": "モンロビア",
      "flagName": "lr",
      "worldPartCode": 2,
      "square": "111,369",
      "population": "5,073,296",
      "language": "英語",
      "currency": "リベリアドル（LRD）",
      "formOfGovernment": "単一大統領立憲共和制",
      "religion": "キリスト教、イスラム教"
    },
    {
      "countryName": "リビア",
      "capitalName": "トリポリ",
      "flagName": "ly",
      "worldPartCode": 2,
      "square": "1,759,541",
      "population": "6,871,287",
      "language": "アラブ",
      "currency": "リビアディナール（LYD）",
      "formOfGovernment": "一時的な統一の単一政府",
      "religion": "イスラム教"
    },
    {
      "countryName": "リヒテンシュタイン",
      "capitalName": "ファドゥーツ",
      "flagName": "li",
      "worldPartCode": 0,
      "square": "160",
      "population": "38,896",
      "language": "ドイツ人",
      "currency": "スイスフラン（CHF）",
      "formOfGovernment": "単一議会の半立憲君主制の下での半直接民主主義",
      "religion": "キリスト教、カトリック、キリスト教"
    },
    {
      "countryName": "リトアニア",
      "capitalName": "ビリニュス",
      "flagName": "lt",
      "worldPartCode": 0,
      "square": "65,300",
      "population": "2,793,694",
      "language": "リトアニア語",
      "currency": "ユーロ（EUR）",
      "formOfGovernment": "単一の半大統領制共和国",
      "religion": "キリスト教、カトリック、キリスト教"
    },
    {
      "countryName": "ルクセンブルク",
      "capitalName": "ルクセンブルク",
      "flagName": "lu",
      "worldPartCode": 0,
      "square": "2,586.4",
      "population": "633,622",
      "language": "ルクセンブルク語",
      "currency": "ユーロ（EUR）",
      "formOfGovernment": "単一議会立憲君主制",
      "religion": "キリスト教、カトリック"
    },
    {
      "countryName": "マダガスカル",
      "capitalName": "アンタナナリボ",
      "flagName": "mg",
      "worldPartCode": 2,
      "square": "587,041",
      "population": "26,262,313",
      "language": "マダガスカル語、フランス語",
      "currency": "アリアリ（MGA）",
      "formOfGovernment": "単一の半大統領制憲共和制",
      "religion": "キリスト教、プロテスタント、カトリック"
    },
    {
      "countryName": "マラウイ",
      "capitalName": "リロングウェ",
      "flagName": "mw",
      "worldPartCode": 2,
      "square": "118,484",
      "population": "19,129,952",
      "language": "英語、チェワ語",
      "currency": "マラウイクワチャ（MWK）",
      "formOfGovernment": "単一大統領共和国",
      "religion": "キリスト教、プロテスタント、カトリック"
    },
    {
      "countryName": "マレーシア",
      "capitalName": "クアラルンプール",
      "flagName": "my",
      "worldPartCode": 1,
      "square": "330,803",
      "population": "32,730,000",
      "language": "マレーシア人",
      "currency": "リンギット（MYR）",
      "formOfGovernment": "連邦議会の憲法上の選挙君主制",
      "religion": "イスラム教、仏教、キリスト教"
    },
    {
      "countryName": "モルディブ",
      "capitalName": "男性",
      "flagName": "mv",
      "worldPartCode": 1,
      "square": "300",
      "population": "379,270",
      "language": "ディベヒ語",
      "currency": "モルディブルフィヤ（MVR）",
      "formOfGovernment": "単一大統領共和国",
      "religion": "スンニ派イスラム教"
    },
    {
      "countryName": "小さい",
      "capitalName": "バマコ",
      "flagName": "ml",
      "worldPartCode": 2,
      "square": "1,240,192",
      "population": "20,250,833",
      "language": "フランス語",
      "currency": "西アフリカフラン（XOF）",
      "formOfGovernment": "臨時政府における単一の半大統領制共和国",
      "religion": "イスラム教"
    },
    {
      "countryName": "マルタ",
      "capitalName": "バレッタ",
      "flagName": "mt",
      "worldPartCode": 0,
      "square": "316",
      "population": "514,564",
      "language": "マルタ語、英語",
      "currency": "ユーロ（EUR）",
      "formOfGovernment": "単一議会立憲共和制",
      "religion": "キリスト教、カトリック"
    },
    {
      "countryName": "マーシャル諸島",
      "capitalName": "マジュロ",
      "flagName": "mh",
      "worldPartCode": 3,
      "square": "181.43",
      "population": "58,413",
      "language": "マーシャル、英語",
      "currency": "米ドル（USD）",
      "formOfGovernment": "行政機関を備えた単一議会制共和国",
      "religion": "キリスト教"
    },
    {
      "countryName": "モーリタニア",
      "capitalName": "ヌアクショット",
      "flagName": "mr",
      "worldPartCode": 2,
      "square": "1,030,000",
      "population": "4,403,313",
      "language": "アラブ",
      "currency": "Угия（MRU）",
      "formOfGovernment": "単一の半大統領制イスラム共和制",
      "religion": "イスラム教"
    },
    {
      "countryName": "モーリシャス",
      "capitalName": "ポートルイス",
      "flagName": "mu",
      "worldPartCode": 2,
      "square": "2,040",
      "population": "1,265,475",
      "language": "英語フランス語",
      "currency": "モーリシャスルピー（MUR）",
      "formOfGovernment": "単一議会制共和国",
      "religion": "ヒンドゥー教、キリスト教、カトリック"
    },
    {
      "countryName": "メキシコ",
      "capitalName": "メキシコシティ",
      "flagName": "mx",
      "worldPartCode": 4,
      "square": "1,972,550",
      "population": "126,014,024",
      "language": "スペイン語",
      "currency": "メキシコペソ（MXN）",
      "formOfGovernment": "連邦大統領立憲共和制",
      "religion": "キリスト教、カトリック、プロテスタント"
    },
    {
      "countryName": "ミクロネシア連邦",
      "capitalName": "パリキール",
      "flagName": "fm",
      "worldPartCode": 3,
      "square": "702",
      "population": "104,468",
      "language": "英語",
      "currency": "米ドル（USD）",
      "formOfGovernment": "連邦議会から独立した共和国",
      "religion": "キリスト教、カトリック、プロテスタント"
    },
    {
      "countryName": "モルダビア",
      "capitalName": "キシナウ",
      "flagName": "md",
      "worldPartCode": 0,
      "square": "33,846",
      "population": "2,640,438",
      "language": "ルーマニア語",
      "currency": "モルドバ・レウ（MDL）",
      "formOfGovernment": "単一議会憲法世俗共和国",
      "religion": "正教会、プロテスタント"
    },
    {
      "countryName": "モナコ",
      "capitalName": "モナコ",
      "flagName": "mc",
      "worldPartCode": 0,
      "square": "2.1",
      "population": "38,300",
      "language": "フランス語",
      "currency": "ユーロ（EUR）",
      "formOfGovernment": "単一立憲君主制",
      "religion": "キリスト教、カトリック"
    },
    {
      "countryName": "モンゴル",
      "capitalName": "ウランバートル",
      "flagName": "mn",
      "worldPartCode": 1,
      "square": "1,566,000",
      "population": "3,353,470",
      "language": "モンゴル",
      "currency": "モンゴルトゥグルグ（MNT）",
      "formOfGovernment": "単一の半大統領制共和国",
      "religion": "仏教、無宗教、イスラム教"
    },
    {
      "countryName": "モンテネグロ",
      "capitalName": "ポドゴリツァ",
      "flagName": "me",
      "worldPartCode": 0,
      "square": "13,812",
      "population": "621,873",
      "language": "モンテネグロ語",
      "currency": "ユーロ（EUR）",
      "formOfGovernment": "単一議会テクノクラート立憲共和制",
      "religion": "キリスト教、東方正教会"
    },
    {
      "countryName": "モロッコ",
      "capitalName": "ディスカウント",
      "flagName": "ma",
      "worldPartCode": 2,
      "square": "710,850",
      "population": "37,112,080",
      "language": "アラビア語、ベルベル語",
      "currency": "モロッコディルハム（MAD）",
      "formOfGovernment": "単一議会の半立憲君主制",
      "religion": "イスラム教"
    },
    {
      "countryName": "モザンビーク",
      "capitalName": "マプト",
      "flagName": "mz",
      "worldPartCode": 2,
      "square": "801,590",
      "population": "30,066,648",
      "language": "ポルトガル語",
      "currency": "Метикал（MZN）",
      "formOfGovernment": "一党優位政党制の半大統領制立憲共和制",
      "religion": "キリスト教、カトリック、プロテスタント"
    },
    {
      "countryName": "ミャンマー",
      "capitalName": "ネピドー",
      "flagName": "mm",
      "worldPartCode": 1,
      "square": "676,578",
      "population": "53,582,855",
      "language": "ビルマ語",
      "currency": "チャット（MMK）",
      "formOfGovernment": "単一議会議会-軍事政権下の独立共和国",
      "religion": "仏教、キリスト教"
    },
    {
      "countryName": "ナミビア",
      "capitalName": "ウィントフック",
      "flagName": "na",
      "worldPartCode": 2,
      "square": "825,615",
      "population": "2,746,745",
      "language": "英語",
      "currency": "ナミビアドル（NAD）",
      "formOfGovernment": "一党優位政党制の統一半大統領制共和国",
      "religion": "キリスト教、ルーテル主義、カトリック"
    },
    {
      "countryName": "ナウル",
      "capitalName": "ジャレン",
      "flagName": "nr",
      "worldPartCode": 3,
      "square": "21",
      "population": "10,670",
      "language": "ナウルイアン、英語",
      "currency": "オーストラリアドル（AUD）",
      "formOfGovernment": "無党派民主主義の下での単一議会制共和国",
      "religion": "ナウルの会衆派教会、ローマカトリック教会"
    },
    {
      "countryName": "ネパール",
      "capitalName": "カトマンズ",
      "flagName": "np",
      "worldPartCode": 1,
      "square": "147,516",
      "population": "28,095,714",
      "language": "ネパール",
      "currency": "ネパールルピー（NPR）",
      "formOfGovernment": "連邦議会制共和国",
      "religion": "ヒンドゥー教、仏教、イスラム教"
    },
    {
      "countryName": "オランダ",
      "capitalName": "アムステルダム",
      "flagName": "nl",
      "worldPartCode": 0,
      "square": "41,865",
      "population": "17,469,635",
      "language": "オランダ語、英語、パピアメント語、西フリジア語",
      "currency": "ユーロ（EUR）",
      "formOfGovernment": "単一議会立憲君主制",
      "religion": "宗教、キリスト教、カトリックはありません"
    },
    {
      "countryName": "ニュージーランド",
      "capitalName": "ウェリントン",
      "flagName": "nz",
      "worldPartCode": 3,
      "square": "268,021",
      "population": "5,123,440",
      "language": "英語、マオリ語",
      "currency": "ニュージーランドドル（NZD）",
      "formOfGovernment": "単一議会立憲君主制",
      "religion": "宗教はありません、キリスト教"
    },
    {
      "countryName": "ニカラグア",
      "capitalName": "マナグア",
      "flagName": "ni",
      "worldPartCode": 4,
      "square": "130,375",
      "population": "6,486,201",
      "language": "スペイン語",
      "currency": "コルドバ（NIO）",
      "formOfGovernment": "一党優位政党制の単一大統領立憲共和制",
      "religion": "キリスト教、カトリック、プロテスタント"
    },
    {
      "countryName": "ニジェール",
      "capitalName": "ニアメ",
      "flagName": "ne",
      "worldPartCode": 2,
      "square": "1,267,000",
      "population": "24,112,753",
      "language": "フランス語",
      "currency": "西アフリカCFAフラン（XOF）",
      "formOfGovernment": "単一の半大統領制共和国",
      "religion": "イスラム教"
    },
    {
      "countryName": "ナイジェリア",
      "capitalName": "アブジャ",
      "flagName": "ng",
      "worldPartCode": 2,
      "square": "923,769",
      "population": "206,630,269",
      "language": "英語",
      "currency": "ナイラ（NGN）",
      "formOfGovernment": "連邦大統領立憲共和制",
      "religion": "イスラム教徒、キリスト教"
    },
    {
      "countryName": "ニウエ",
      "capitalName": "アロフィ",
      "flagName": "nu",
      "worldPartCode": 3,
      "square": "261.46",
      "population": "1,620",
      "language": "英語、ニウエ",
      "currency": "ニュージーランドドル（NZD）",
      "formOfGovernment": "無党派民主主義における単一議会立憲君主制",
      "religion": "キリスト教"
    },
    {
      "countryName": "北マケドニア",
      "capitalName": "スコピエ",
      "flagName": "mk",
      "worldPartCode": 0,
      "square": "25,713",
      "population": "2,077,132",
      "language": "マケドニア語、アルバニア語",
      "currency": "マケドニアディナール（MKD）",
      "formOfGovernment": "単一議会制共和国",
      "religion": "東方正教会"
    },
    {
      "countryName": "ノルウェー",
      "capitalName": "オスロ",
      "flagName": "no",
      "worldPartCode": 0,
      "square": "385,207",
      "population": "5,391,369",
      "language": "ノルウェー語",
      "currency": "ノルウェークローネ（NOK）",
      "formOfGovernment": "単一議会立憲君主制",
      "religion": "キリスト教、ノルウェー国教会"
    },
    {
      "countryName": "オマーン",
      "capitalName": "マスカット",
      "flagName": "om",
      "worldPartCode": 1,
      "square": "309,500",
      "population": "4,829,473",
      "language": "アラブ",
      "currency": "オマーンリアル（OMR）",
      "formOfGovernment": "単一絶対君主制",
      "religion": "イスラム教"
    },
    {
      "countryName": "パキスタン",
      "capitalName": "イスラマバード",
      "flagName": "pk",
      "worldPartCode": 1,
      "square": "881,913",
      "population": "212,228,286",
      "language": "英語、ウルドゥー語",
      "currency": "パキスタンルピー（PKR）",
      "formOfGovernment": "連邦議会制共和国",
      "religion": "イスラム教"
    },
    {
      "countryName": "パラオ",
      "capitalName": "ンゲルルムッド",
      "flagName": "pw",
      "worldPartCode": 3,
      "square": "459",
      "population": "17,907",
      "language": "パラオ、英語",
      "currency": "米ドル（USD）",
      "formOfGovernment": "無党派民主主義における単一大統領立憲共和制",
      "religion": "キリスト教、モデクゲイ"
    },
    {
      "countryName": "パレスチナ領土",
      "capitalName": "ラマッラー",
      "flagName": "ps",
      "worldPartCode": 1,
      "square": "6,220",
      "population": "4,816,503",
      "language": "アラビア語、ヘブライ語、英語",
      "currency": "エジプトポンド（EGP）",
      "formOfGovernment": "議会制共和国",
      "religion": "イスラム教"
    },
    {
      "countryName": "パナマ",
      "capitalName": "パナマ",
      "flagName": "pa",
      "worldPartCode": 4,
      "square": "75,417",
      "population": "4,176,869",
      "language": "スペイン語",
      "currency": "バルボア（PAB）",
      "formOfGovernment": "単一大統領立憲共和制",
      "religion": "キリスト教、カトリック、プロテスタント"
    },
    {
      "countryName": "パプアニューギニア",
      "capitalName": "ポートモレスビー",
      "flagName": "pg",
      "worldPartCode": 3,
      "square": "462,840",
      "population": "8,935,000",
      "language": "英語、ヒリモツ語",
      "currency": "中国（PGK）",
      "formOfGovernment": "単一議会立憲君主制",
      "religion": "キリスト教、プロテスタント、カトリック"
    },
    {
      "countryName": "パラグアイ",
      "capitalName": "アスンシオン",
      "flagName": "py",
      "worldPartCode": 5,
      "square": "406,796",
      "population": "7,359,000",
      "language": "スペイン語、グアラニー語",
      "currency": "グアラニー語（PYG）",
      "formOfGovernment": "単一大統領共和国",
      "religion": "キリスト教、カトリック"
    },
    {
      "countryName": "ペルー",
      "capitalName": "リマ",
      "flagName": "pe",
      "worldPartCode": 5,
      "square": "1,285,216",
      "population": "32,824,358",
      "language": "スペイン語",
      "currency": "ペルーヌエボソル（PEN）",
      "formOfGovernment": "単一大統領共和国",
      "religion": "キリスト教、ローマカトリック"
    },
    {
      "countryName": "フィリピン",
      "capitalName": "マニラ",
      "flagName": "ph",
      "worldPartCode": 1,
      "square": "300,000",
      "population": "106,651,394",
      "language": "フィリピン語、英語",
      "currency": "フィリピンペソ（PHP）",
      "formOfGovernment": "単一大統領立憲共和制",
      "religion": "キリスト教、カトリック、プロテスタント"
    },
    {
      "countryName": "ポーランド",
      "capitalName": "ワルシャワ",
      "flagName": "pl",
      "worldPartCode": 0,
      "square": "312,696",
      "population": "38,268,000",
      "language": "研磨",
      "currency": "ポーランドズウォティ（PLN）",
      "formOfGovernment": "単一の半大統領制憲共和制",
      "religion": "キリスト教、カトリック"
    },
    {
      "countryName": "ポルトガル",
      "capitalName": "リスボン",
      "flagName": "pt",
      "worldPartCode": 0,
      "square": "92,212",
      "population": "10,295,909",
      "language": "ポルトガル語",
      "currency": "ユーロ（EUR）",
      "formOfGovernment": "単一の半大統領制憲共和制",
      "religion": "キリスト教、カトリック"
    },
    {
      "countryName": "プエルトリコ",
      "capitalName": "サンファン",
      "flagName": "pr",
      "worldPartCode": 4,
      "square": "9,104",
      "population": "3,142,779",
      "language": "スペイン語英語",
      "currency": "米ドル（USD）",
      "formOfGovernment": "強調された大統領の憲法上の依存",
      "religion": "ローマカトリック、プロテスタント"
    },
    {
      "countryName": "カタール",
      "capitalName": "ドーハ",
      "flagName": "qa",
      "worldPartCode": 1,
      "square": "11,581",
      "population": "2,795,484",
      "language": "アラブ",
      "currency": "カタールリヤル（QAR）",
      "formOfGovernment": "単一の半立憲君主制",
      "religion": "イスラム教"
    },
    {
      "countryName": "ルーマニア",
      "capitalName": "ブカレスト",
      "flagName": "ro",
      "worldPartCode": 0,
      "square": "238,397",
      "population": "19,317,984",
      "language": "ルーマニア語",
      "currency": "ルーマニアレウ（RON）",
      "formOfGovernment": "単一の半大統領制共和国",
      "religion": "キリスト教、ルーマニア正教会、プロテスタント"
    },
    {
      "countryName": "ロシア",
      "capitalName": "モスクワ",
      "flagName": "ru",
      "worldPartCode": 0,
      "square": "17,098,246",
      "population": "146,171,015",
      "language": "ロシア",
      "currency": "ロシアルーブル（RUB）",
      "formOfGovernment": "連邦半大統領制憲共和制",
      "religion": "キリスト教、ロシア正教会"
    },
    {
      "countryName": "ルワンダ",
      "capitalName": "キガリ",
      "flagName": "rw",
      "worldPartCode": 2,
      "square": "26,338",
      "population": "12,374,397",
      "language": "英語、フランス語、ルワンダ語、スワヒリ語",
      "currency": "ルワンダフラン（RWF）",
      "formOfGovernment": "一党優位政党制の単一大統領立憲共和制",
      "religion": "ローマカトリック、キリスト教"
    },
    {
      "countryName": "セントクリストファーネイビス",
      "capitalName": "バスター",
      "flagName": "kn",
      "worldPartCode": 4,
      "square": "261",
      "population": "52,441",
      "language": "英語、クレオールセントキッツ",
      "currency": "東カリブドル（XCD）",
      "formOfGovernment": "連邦議会立憲君主制",
      "religion": "キリスト教"
    },
    {
      "countryName": "セントルシア",
      "capitalName": "去勢",
      "flagName": "lc",
      "worldPartCode": 4,
      "square": "617",
      "population": "184,751",
      "language": "英語",
      "currency": "東カリブドル（XCD）",
      "formOfGovernment": "単一議会立憲君主制",
      "religion": "キリスト教"
    },
    {
      "countryName": "セントビンセントおよびグレナディーン諸島",
      "capitalName": "キングスタウン",
      "flagName": "vc",
      "worldPartCode": 4,
      "square": "389",
      "population": "110,211",
      "language": "英語、Vincent Creole",
      "currency": "東カリブドル（XCD）",
      "formOfGovernment": "単一議会立憲君主制",
      "religion": "キリスト教"
    },
    {
      "countryName": "サモア",
      "capitalName": "アピア",
      "flagName": "ws",
      "worldPartCode": 3,
      "square": "2,842",
      "population": "202,506",
      "language": "サモア語、英語",
      "currency": "タラ（WST）",
      "formOfGovernment": "一党優位政党制の単一議会制共和国",
      "religion": "キリスト教"
    },
    {
      "countryName": "サンマリノ",
      "capitalName": "サンマリノ",
      "flagName": "sm",
      "worldPartCode": 0,
      "square": "61.2",
      "population": "33,600",
      "language": "イタリアの",
      "currency": "ユーロ（EUR）",
      "formOfGovernment": "単一議会-独立した二元的指令共和国",
      "religion": "カトリック"
    },
    {
      "countryName": "サントメ・プリンシペ",
      "capitalName": "サントメ",
      "flagName": "st",
      "worldPartCode": 2,
      "square": "1,001",
      "population": "211,028",
      "language": "ポルトガル語",
      "currency": "わかりました（STN）",
      "formOfGovernment": "単一の半大統領制共和国",
      "religion": "キリスト教"
    },
    {
      "countryName": "サウジアラビア",
      "capitalName": "リヤド",
      "flagName": "sa",
      "worldPartCode": 1,
      "square": "2,149,690",
      "population": "34,218,169",
      "language": "アラブ",
      "currency": "サウジアラビアリヤル（SAR）",
      "formOfGovernment": "単一イスラム絶対君主制",
      "religion": "スンニ派イスラム教"
    },
    {
      "countryName": "セネガル",
      "capitalName": "ダカール",
      "flagName": "sn",
      "worldPartCode": 2,
      "square": "196,712",
      "population": "15,854,323",
      "language": "フランス語",
      "currency": "西アフリカフラン（XOF）",
      "formOfGovernment": "一党優位政党制の単一大統領共和国",
      "religion": "イスラム教"
    },
    {
      "countryName": "セルビア",
      "capitalName": "ベオグラード",
      "flagName": "rs",
      "worldPartCode": 0,
      "square": "88,361",
      "population": "6,926,705",
      "language": "セルビア語",
      "currency": "セルビアディナール（RSD）",
      "formOfGovernment": "単一議会立憲共和制",
      "religion": "キリスト教、セルビア正教会、カトリック"
    },
    {
      "countryName": "セイシェル",
      "capitalName": "ビクトリア",
      "flagName": "sc",
      "worldPartCode": 2,
      "square": "459",
      "population": "98,462",
      "language": "英語、フランス語、セイシェルクレオール",
      "currency": "セイシェル・ルピー（SCR）",
      "formOfGovernment": "単一大統領共和国",
      "religion": "キリスト教、カトリック"
    },
    {
      "countryName": "シエラレオネ",
      "capitalName": "フリータウン",
      "flagName": "sl",
      "worldPartCode": 2,
      "square": "71,740",
      "population": "8,059,155",
      "language": "英語",
      "currency": "レオーネ（SLL）",
      "formOfGovernment": "単一大統領立憲共和制",
      "religion": "イスラム教、キリスト教"
    },
    {
      "countryName": "シンガポール",
      "capitalName": "シンガポール",
      "flagName": "sg",
      "worldPartCode": 1,
      "square": "728.3",
      "population": "5,703,600",
      "language": "英語、マレー語、北京語、タミル語",
      "currency": "シンガポールドル（SGD）",
      "formOfGovernment": "一党優位政党制の単一議会立憲共和制",
      "religion": "仏教、キリスト教、イスラム教"
    },
    {
      "countryName": "スロバキア",
      "capitalName": "ブラチスラバ",
      "flagName": "sk",
      "worldPartCode": 0,
      "square": "49,035",
      "population": "5,464,060",
      "language": "スロバキア",
      "currency": "ユーロ（EUR）",
      "formOfGovernment": "単一議会制共和国",
      "religion": "キリスト教、宗教なし"
    },
    {
      "countryName": "スロベニア",
      "capitalName": "リュブリャナ",
      "flagName": "si",
      "worldPartCode": 0,
      "square": "20,271",
      "population": "2,111,461",
      "language": "スロベニア語",
      "currency": "ユーロ（EUR）",
      "formOfGovernment": "単一議会立憲共和制",
      "religion": "キリスト教、カトリック、正統派"
    },
    {
      "countryName": "ソロモン諸島",
      "capitalName": "ホニアラ",
      "flagName": "sb",
      "worldPartCode": 3,
      "square": "28,400",
      "population": "652,857",
      "language": "英語",
      "currency": "ソロモン諸島ドル（SBD）",
      "formOfGovernment": "単一議会立憲君主制",
      "religion": "キリスト教、プロテスタント、カトリック"
    },
    {
      "countryName": "ソマリア",
      "capitalName": "モガディシュ",
      "flagName": "so",
      "worldPartCode": 2,
      "square": "637,657",
      "population": "15,893,219",
      "language": "ソマリア語、アラビア語",
      "currency": "ソマリアシリング（SOS）",
      "formOfGovernment": "連邦議会制共和国",
      "religion": "イスラム教"
    },
    {
      "countryName": "南アフリカ",
      "capitalName": "ケープタウン",
      "flagName": "za",
      "worldPartCode": 2,
      "square": "1,221,037",
      "population": "59,622,350",
      "language": "英語、ズールー語、アフリカーンス語、ツォンガ語",
      "currency": "南アフリカランド（ZAR）",
      "formOfGovernment": "一党優位政党制の単一議会制共和国",
      "religion": "キリスト教、プロテスタント、無宗教"
    },
    {
      "countryName": "南スーダン",
      "capitalName": "ジュバ",
      "flagName": "ss",
      "worldPartCode": 2,
      "square": "619,745",
      "population": "12,778,250",
      "language": "英語",
      "currency": "南スーダンポンド（SSP）",
      "formOfGovernment": "連邦大統領立憲共和制",
      "religion": "キリスト教、プロテスタント、ローマカトリック"
    },
    {
      "countryName": "スペイン",
      "capitalName": "マドリッド",
      "flagName": "es",
      "worldPartCode": 0,
      "square": "505,990",
      "population": "47,450,795",
      "language": "スペイン語",
      "currency": "ユーロ（EUR）",
      "formOfGovernment": "単一議会立憲君主制",
      "religion": "キリスト教、カトリック"
    },
    {
      "countryName": "スリランカ",
      "capitalName": "スリジャヤヴァルデネプラコッテ",
      "flagName": "lk",
      "worldPartCode": 1,
      "square": "65,610",
      "population": "21,803,000",
      "language": "シンハラ語、タミ",
      "currency": "スリランカルピー（LKR）",
      "formOfGovernment": "単一の半大統領制憲共和制",
      "religion": "仏教"
    },
    {
      "countryName": "スーダン",
      "capitalName": "ハルツーム",
      "flagName": "sd",
      "worldPartCode": 2,
      "square": "1,886,068",
      "population": "44,909,353",
      "language": "アラビア語、英語",
      "currency": "スーダンポンド（SDG）",
      "formOfGovernment": "連邦臨時政府",
      "religion": "イスラム教"
    },
    {
      "countryName": "スリナム",
      "capitalName": "パラマリボ",
      "flagName": "sr",
      "worldPartCode": 5,
      "square": "163,821",
      "population": "575,990",
      "language": "オランダの",
      "currency": "スリナムドル（SRD）",
      "formOfGovernment": "単一議会-独立共和国",
      "religion": "キリスト教、ヒンドゥー教、イスラム教"
    },
    {
      "countryName": "スワジランド",
      "capitalName": "ロバンバ",
      "flagName": "sz",
      "worldPartCode": 2,
      "square": "17,364",
      "population": "1,136,281",
      "language": "スワジ語、英語",
      "currency": "リランゲニ（SZL）",
      "formOfGovernment": "単一絶対君主制",
      "religion": "キリスト教、プロテスタント"
    },
    {
      "countryName": "スウェーデン",
      "capitalName": "ストックホルム",
      "flagName": "se",
      "worldPartCode": 0,
      "square": "450,295",
      "population": "10,380,491",
      "language": "スウェーデンの",
      "currency": "スウェーデンクローナ（SEK）",
      "formOfGovernment": "単一議会立憲君主制",
      "religion": "キリスト教、スウェーデン教会"
    },
    {
      "countryName": "スイス",
      "capitalName": "ベルン",
      "flagName": "ch",
      "worldPartCode": 0,
      "square": "41,285",
      "population": "8,570,146",
      "language": "ドイツ語、フランス語、イタリア語",
      "currency": "スイスフラン（CHF）",
      "formOfGovernment": "複数政党制の議会に依存しない指令共和国における連合半直接民主主義",
      "religion": "キリスト教、ローマカトリック、スイス改革派"
    },
    {
      "countryName": "シリア",
      "capitalName": "ダマスカス",
      "flagName": "sy",
      "worldPartCode": 1,
      "square": "185,180",
      "population": "17,500,657",
      "language": "アラブ",
      "currency": "シリアポンド（SYP）",
      "formOfGovernment": "一党優位政党との単一の半大統領制バース党共和国",
      "religion": "イスラム教、キリスト教"
    },
    {
      "countryName": "タジキスタン",
      "capitalName": "月曜",
      "flagName": "tj",
      "worldPartCode": 1,
      "square": "143,100",
      "population": "9,537,645",
      "language": "タジク語",
      "currency": "ソモニ（TJS）",
      "formOfGovernment": "一党優位政党制の単一大統領憲法世俗共和国",
      "religion": "イスラム教"
    },
    {
      "countryName": "タンザニア",
      "capitalName": "ホームホーム",
      "flagName": "tz",
      "worldPartCode": 2,
      "square": "947,303",
      "population": "56,313,438",
      "language": "英語、スワヒリ語",
      "currency": "タンザニアシリング（TZS）",
      "formOfGovernment": "単一支配政党大統領立憲共和制",
      "religion": "キリスト教、イスラム教"
    },
    {
      "countryName": "タイ",
      "capitalName": "バンコク",
      "flagName": "th",
      "worldPartCode": 1,
      "square": "513,120",
      "population": "66,558,935",
      "language": "タイ語",
      "currency": "コウモリ（THB）",
      "formOfGovernment": "単一議会立憲君主制",
      "religion": "仏教、イスラム教、キリスト教"
    },
    {
      "countryName": "トーゴ",
      "capitalName": "ロメ",
      "flagName": "tg",
      "worldPartCode": 2,
      "square": "56,785",
      "population": "8,608,444",
      "language": "フランス語",
      "currency": "西アフリカCFAフラン（XOF）",
      "formOfGovernment": "一党優位政党制の単一大統領共和国",
      "religion": "キリスト教、伝統的な告白"
    },
    {
      "countryName": "トンガ",
      "capitalName": "ヌクアロファ",
      "flagName": "to",
      "worldPartCode": 3,
      "square": "748",
      "population": "100,651",
      "language": "英語、トンガ語",
      "currency": "パアンガ（TOP）",
      "formOfGovernment": "単一議会立憲君主制",
      "religion": "キリスト教、メソジスト、モルモン教"
    },
    {
      "countryName": "トリニダード・トバゴ",
      "capitalName": "ポートオブスペイン",
      "flagName": "tt",
      "worldPartCode": 4,
      "square": "5,131",
      "population": "1,366,725",
      "language": "英語",
      "currency": "トリニダード・トバゴドル（TTD）",
      "formOfGovernment": "単一議会立憲共和制",
      "religion": "キリスト教徒、ヒンドゥー教徒、イスラム教徒"
    },
    {
      "countryName": "チュニジア",
      "capitalName": "チュニジア",
      "flagName": "tn",
      "worldPartCode": 2,
      "square": "163,610",
      "population": "11,708,370",
      "language": "アラブ",
      "currency": "チュニジアディナール（TND）",
      "formOfGovernment": "単一の半大統領制憲共和制",
      "religion": "イスラム教"
    },
    {
      "countryName": "七面鳥",
      "capitalName": "アンカラ",
      "flagName": "tr",
      "worldPartCode": 1,
      "square": "783,356",
      "population": "83,614,362",
      "language": "トルコ語",
      "currency": "トルコリラ（TRY）",
      "formOfGovernment": "単一大統領立憲共和制",
      "religion": "イスラム教、理神論"
    },
    {
      "countryName": "トルクメニスタン",
      "capitalName": "アシガバート",
      "flagName": "tm",
      "worldPartCode": 1,
      "square": "491,210",
      "population": "6,031,187",
      "language": "トルクメン語",
      "currency": "トルクメンマナト（TMT）",
      "formOfGovernment": "一党優位政党制の単一大統領共和国",
      "religion": "イスラム教徒、キリスト教"
    },
    {
      "countryName": "ツバル",
      "capitalName": "フナフティ",
      "flagName": "tv",
      "worldPartCode": 3,
      "square": "26",
      "population": "11,646",
      "language": "英語、ツバル",
      "currency": "ツバルドル",
      "formOfGovernment": "単一の無党派議会立憲君主制",
      "religion": "キリスト教"
    },
    {
      "countryName": "ウガンダ",
      "capitalName": "カンパラ",
      "flagName": "ug",
      "worldPartCode": 2,
      "square": "241,038",
      "population": "42,729,036",
      "language": "英語、スワヒリ語",
      "currency": "ウガンダシリング（UGX）",
      "formOfGovernment": "一党優位政党制の単一大統領共和国",
      "religion": "キリスト教、カトリック、英国国教会"
    },
    {
      "countryName": "ウクライナ",
      "capitalName": "キエフ",
      "flagName": "ua",
      "worldPartCode": 0,
      "square": "603,628",
      "population": "41,554,836",
      "language": "ウクライナ語",
      "currency": "グリブナ（UAH）",
      "formOfGovernment": "単一の半大統領制憲共和制",
      "religion": "キリスト教"
    },
    {
      "countryName": "アラブ首長国連邦",
      "capitalName": "アブダビ",
      "flagName": "ae",
      "worldPartCode": 1,
      "square": "83,600",
      "population": "9,890,400",
      "language": "アラブ",
      "currency": "Dirham UAE（AED）",
      "formOfGovernment": "連邦大統領選挙君主制",
      "religion": "イスラム教"
    },
    {
      "countryName": "グレートブリテン",
      "capitalName": "ロンドン",
      "flagName": "gb",
      "worldPartCode": 0,
      "square": "242,495",
      "population": "67,886,004",
      "language": "英語",
      "currency": "英ポンド（GBP）",
      "formOfGovernment": "単一議会立憲君主制",
      "religion": "キリスト教、宗教なし"
    },
    {
      "countryName": "アメリカ合衆国",
      "capitalName": "ワシントン",
      "flagName": "us",
      "worldPartCode": 4,
      "square": "9,833,520",
      "population": "328,239,523",
      "language": "英語",
      "currency": "米ドル（USD）",
      "formOfGovernment": "連邦大統領立憲共和制",
      "religion": "プロテスタント、カトリック"
    },
    {
      "countryName": "ウルグアイ",
      "capitalName": "モンテビデオ",
      "flagName": "uy",
      "worldPartCode": 5,
      "square": "176,215",
      "population": "3,518,552",
      "language": "スペイン語",
      "currency": "ウルグアイペソ（UYU）",
      "formOfGovernment": "単一大統領立憲共和制",
      "religion": "キリスト教、宗教なし"
    },
    {
      "countryName": "ウズベキスタン",
      "capitalName": "タシケント",
      "flagName": "uz",
      "worldPartCode": 1,
      "square": "448,978",
      "population": "34,588,900",
      "language": "ウズベク語",
      "currency": "ウズベクソム（UZS）",
      "formOfGovernment": "単一大統領憲法世俗共和国",
      "religion": "イスラム教徒、キリスト教"
    },
    {
      "countryName": "バヌアツ",
      "capitalName": "ポートビラ",
      "flagName": "vu",
      "worldPartCode": 3,
      "square": "12,189",
      "population": "307,815",
      "language": "ビスラマ語、英語、フランス語",
      "currency": "バツ（VUV）",
      "formOfGovernment": "単一議会制共和国",
      "religion": "キリスト教、長老派教会"
    },
    {
      "countryName": "バチカン",
      "capitalName": "バチカン",
      "flagName": "va",
      "worldPartCode": 0,
      "square": "0.49",
      "population": "825",
      "language": "イタリアの",
      "currency": "ユーロ（EUR）",
      "formOfGovernment": "単一キリスト教の絶対君主制",
      "religion": "旧教"
    },
    {
      "countryName": "ベネズエラ",
      "capitalName": "カラカス",
      "flagName": "ve",
      "worldPartCode": 5,
      "square": "916,445",
      "population": "28,887,118",
      "language": "スペイン語",
      "currency": "ソブリンボリバル（VES）",
      "formOfGovernment": "一党優位政党制の連邦大統領立憲共和制",
      "religion": "キリスト教、カトリック、プロテスタント"
    },
    {
      "countryName": "ベトナム",
      "capitalName": "ハノイ",
      "flagName": "vn",
      "worldPartCode": 1,
      "square": "331,699",
      "population": "96,208,984",
      "language": "ベトナム語",
      "currency": "ドン（ドン）",
      "formOfGovernment": "統一マルクス主義-レーニン主義一党社会主義共和国",
      "religion": "民俗、仏教"
    },
    {
      "countryName": "イエメン",
      "capitalName": "意識",
      "flagName": "ye",
      "worldPartCode": 1,
      "square": "555,000",
      "population": "28,498,683",
      "language": "アラブ",
      "currency": "イエメンリアル（YER）",
      "formOfGovernment": "単一の暫定政府",
      "religion": "イスラム教"
    },
    {
      "countryName": "ザンビア",
      "capitalName": "ルサカ",
      "flagName": "zm",
      "worldPartCode": 2,
      "square": "752,618",
      "population": "17,351,708",
      "language": "英語",
      "currency": "ザンビアクワチャ（ZMW）",
      "formOfGovernment": "単一大統領立憲共和制",
      "religion": "キリスト教"
    },
    {
      "countryName": "ジンバブエ",
      "capitalName": "ハラレ",
      "flagName": "zw",
      "worldPartCode": 2,
      "square": "390,757",
      "population": "390,757",
      "language": "チェワ語、チバルベ語、英語、カランガ語",
      "currency": "ジンバブエドル（RTG）",
      "formOfGovernment": "一党優位政党制の単一大統領立憲共和制",
      "religion": "キリスト教、プロテスタント"
    }
  ]
}