{
  "country": [
    {
      "countryName": "Australia",
      "capitalName": "Canberra",
      "flagName": "au",
      "worldPartCode": 3,
      "square": "7,692,024",
      "population": "25,627,280",
      "language": "australian english",
      "currency": "australian dollar (AUD)",
      "formOfGovernment": "constitutional monarchy",
      "religion": "catholic"
    },
    {
      "countryName": "Austria",
      "capitalName": "Vienna",
      "flagName": "at",
      "worldPartCode": 0,
      "square": "83,879",
      "population": "8,935,112",
      "language": "German",
      "currency": "Euro (EUR)",
      "formOfGovernment": "Federal parliamentary republic",
      "religion": "Christianity, Catholicism"
    },
    {
      "countryName": "Azerbaijan",
      "capitalName": "Baku",
      "flagName": "az",
      "worldPartCode": 1,
      "square": "86,600",
      "population": "10,127,874",
      "language": "Azerbaijani",
      "currency": "Manat (AZN)",
      "formOfGovernment": "Unitary semi-presidential republic",
      "religion": "Islam"
    },
    {
      "countryName": "Albania",
      "capitalName": "Tirana",
      "flagName": "al",
      "worldPartCode": 0,
      "square": "28,748",
      "population": "2,845,955",
      "language": "Greek, Aramaic, Macedonian",
      "currency": "Lek (ALL)",
      "formOfGovernment": "Unitary parliamentary constitutional republic",
      "religion": "Islam"
    },
    {
      "countryName": "Algeria",
      "capitalName": "Algiers",
      "flagName": "dz",
      "worldPartCode": 2,
      "square": "2,381,741",
      "population": "43,900,000",
      "language": "Arabic, Berber",
      "currency": "Dinar (DZD)",
      "formOfGovernment": "Unitary semi-presidential constitutional republic",
      "religion": "Islam"
    },
    {
      "countryName": "Angola",
      "capitalName": "Luanda",
      "flagName": "ao",
      "worldPartCode": 2,
      "square": "1,246,700",
      "population": "31,127,674",
      "language": "Portuguese",
      "currency": "Kwanza (AOA)",
      "formOfGovernment": "Unitary dominant-party presidential constitutional republic",
      "religion": "Christianity, Roman Catholic"
    },
    {
      "countryName": "Andorra",
      "capitalName": "Andorra la Vella",
      "flagName": "ad",
      "worldPartCode": 0,
      "square": "467.63",
      "population": "77,543",
      "language": "Catalan",
      "currency": "Euroe (EUR)",
      "formOfGovernment": "Unitary parliamentary semi-elective diarchy",
      "religion": "Roman Catholicism"
    },
    {
      "countryName": "Afghanistan",
      "capitalName": "Kabul",
      "flagName": "af",
      "worldPartCode": 1,
      "square": "652,230",
      "population": "32,225,560",
      "language": "Pashto, Dari",
      "currency": "Afghani (AFN)",
      "formOfGovernment": "Unitary presidential Islamic republic",
      "religion": "Islam"
    },
    {
      "countryName": "American Samoa",
      "capitalName": "Pago Pago",
      "flagName": "as",
      "worldPartCode": 3,
      "square": "200",
      "population": "55,212",
      "language": "English, Samoan",
      "currency": "United States dollar (USD)",
      "formOfGovernment": "Devolved presidential constitutional dependency",
      "religion": "Christian"
    },
    {
      "countryName": "Anguilla",
      "capitalName": "The Valley",
      "flagName": "ai",
      "worldPartCode": 4,
      "square": "91",
      "population": "14,731",
      "language": "English",
      "currency": "Eastern Caribbean dollar (XCD)",
      "formOfGovernment": "Parliamentary dependency under a constitutional monarchy",
      "religion": "Catholic"
    },
    {
      "countryName": "Antigua and Barbuda",
      "capitalName": "Saint John's",
      "flagName": "ag",
      "worldPartCode": 4,
      "square": "440",
      "population": "96,286",
      "language": "English",
      "currency": "East Caribbean dollar (XCD)",
      "formOfGovernment": "Unitary parliamentary constitutional monarchy",
      "religion": "Christian"
    },
    {
      "countryName": "Argentina",
      "capitalName": "Buenos Aires",
      "flagName": "ar",
      "worldPartCode": 5,
      "square": "2,780,400",
      "population": "44,938,712",
      "language": "Spanish",
      "currency": "Peso (ARS)",
      "formOfGovernment": "Federal presidential constitutional republic",
      "religion": "Christianity, Roman Catholic"
    },
    {
      "countryName": "Armenia",
      "capitalName": "Yerevan",
      "flagName": "am",
      "worldPartCode": 1,
      "square": "29,743",
      "population": "2,956,900",
      "language": "Armenian",
      "currency": "Dram (AMD)",
      "formOfGovernment": "Unitary parliamentary republic",
      "religion": "Christianity (Armenian Apostolic Church)"
    },
    {
      "countryName": "Aruba",
      "capitalName": "Oranjestad",
      "flagName": "aw",
      "worldPartCode": 5,
      "square": "193",
      "population": "116,576",
      "language": "Dutch, Papiamento",
      "currency": "Aruban florin (AWG)",
      "formOfGovernment": "Parliamentary representative democracy within a constitutional monarchy",
      "religion": "Roman Catholicism"
    },
    {
      "countryName": "Bahamas",
      "capitalName": "Nassau",
      "flagName": "bs",
      "worldPartCode": 4,
      "square": "13,878",
      "population": "385,637",
      "language": "English",
      "currency": "Bahamian dollar (BSD)",
      "formOfGovernment": "Unitary parliamentary constitutional monarchy",
      "religion": "Christianity, Protestantism"
    },
    {
      "countryName": "Bahrain",
      "capitalName": "Manama",
      "flagName": "bh",
      "worldPartCode": 1,
      "square": "780",
      "population": "1,569,446",
      "language": "Arabic",
      "currency": "Bahraini dinar (BHD)",
      "formOfGovernment": "Unitary parliamentary constitutional monarchy",
      "religion": "Islam"
    },
    {
      "countryName": "Bangladesh",
      "capitalName": "Dhaka",
      "flagName": "bd",
      "worldPartCode": 1,
      "square": "148,460",
      "population": "161,376,708",
      "language": "Bengali",
      "currency": "Bangladeshi taka (BDT)",
      "formOfGovernment": "Unitary dominant-party parliamentary constitutional republic",
      "religion": "Islam"
    },
    {
      "countryName": "Barbados",
      "capitalName": "Bridgetown",
      "flagName": "bb",
      "worldPartCode": 4,
      "square": "439",
      "population": "287,025",
      "language": "English",
      "currency": "Barbadian dollar (BBD)",
      "formOfGovernment": "Unitary parliamentary constitutional monarchy",
      "religion": "Christianity"
    },
    {
      "countryName": "Belarus",
      "capitalName": "Minsk",
      "flagName": "by",
      "worldPartCode": 0,
      "square": "207,595",
      "population": "9,408,400",
      "language": "Belarusian, Russian",
      "currency": "Belarusian ruble (BYN)",
      "formOfGovernment": "Unitary presidential republic",
      "religion": "Eastern Orthodoxy, Orthodox Christian, Not religious"
    },
    {
      "countryName": "Belgium",
      "capitalName": "Brussels",
      "flagName": "be",
      "worldPartCode": 0,
      "square": "30,689",
      "population": "11,492,641",
      "language": "Dutch, French, German",
      "currency": "Euro (EUR)",
      "formOfGovernment": "Federal parliamentary constitutional monarchy",
      "religion": "Christianity, No religion"
    },
    {
      "countryName": "Belize",
      "capitalName": "Belmopan",
      "flagName": "bz",
      "worldPartCode": 4,
      "square": "22,966",
      "population": "419,199",
      "language": "English",
      "currency": "Belize dollar (BZD)",
      "formOfGovernment": "Unitary parliamentary constitutional monarchy",
      "religion": "Christianity, No religion"
    },
    {
      "countryName": "Benin",
      "capitalName": "Porto-Novo",
      "flagName": "bj",
      "worldPartCode": 2,
      "square": "114,763",
      "population": "11,733,059",
      "language": "French",
      "currency": "West African franc (XOF)",
      "formOfGovernment": "Unitary presidential republic",
      "religion": "Christianity, Islam"
    },
    {
      "countryName": "Bolivia",
      "capitalName": "Sucre",
      "flagName": "bo",
      "worldPartCode": 5,
      "square": "1,098,581",
      "population": "11,428,245",
      "language": "Spanish, Quechua, Aymara, Guarani",
      "currency": "Boliviano (BOB)",
      "formOfGovernment": "Unitary presidential constitutional republic",
      "religion": "Christianity, Roman Catholic, Protestant"
    },
    {
      "countryName": "Bonaire",
      "capitalName": "Kralendijk",
      "flagName": "bq",
      "worldPartCode": 5,
      "square": "294",
      "population": "20,104",
      "language": "Dutch",
      "currency": "US dollar (USD)",
      "formOfGovernment": "Unitary parliamentary constitutional monarchy",
      "religion": "Roman Catholic, Protestant"
    },
    {
      "countryName": "Bosnia and Herzegovina",
      "capitalName": "Sarajevo",
      "flagName": "ba",
      "worldPartCode": 0,
      "square": "51,129",
      "population": "3,301,000",
      "language": "Bosnian, Serbian, Croatian",
      "currency": "Convertible mark (BAM)",
      "formOfGovernment": "Federal parliamentary constitutional republic",
      "religion": "Islam, Orthodoxy, Catholicism"
    },
    {
      "countryName": "Botswana",
      "capitalName": "Gaborone",
      "flagName": "bw",
      "worldPartCode": 2,
      "square": "581,730",
      "population": "2,254,068",
      "language": "English, Setswana",
      "currency": "Botswana pula (BWP)",
      "formOfGovernment": "Unitary dominant-party parliamentary constitutional republic",
      "religion": "Christianity, Protestantism, No religion"
    },
    {
      "countryName": "Brazil",
      "capitalName": "Brasília",
      "flagName": "br",
      "worldPartCode": 5,
      "square": "8,515,767",
      "population": "210,147,125",
      "language": "Portuguese",
      "currency": "Real (BRL)",
      "formOfGovernment": "Federal presidential constitutional republic",
      "religion": "Christianity,  Roman Catholic, Protestant, No religion"
    },
    {
      "countryName": "Brunei",
      "capitalName": "Bandar Seri Begawan",
      "flagName": "bn",
      "worldPartCode": 1,
      "square": "5,765",
      "population": "459,500",
      "language": "Malay",
      "currency": "Brunei dollar (BND)",
      "formOfGovernment": "Unitary Islamic absolute monarchy",
      "religion": "Sunni Islam, Christian, Buddhist"
    },
    {
      "countryName": "Bulgaria",
      "capitalName": "Sofia",
      "flagName": "bg",
      "worldPartCode": 0,
      "square": "110,993.6",
      "population": "6,951,482",
      "language": "Bulgarian",
      "currency": "Lev (BGN)",
      "formOfGovernment": "Unitary parliamentary republic",
      "religion": "Christianity, Bulgarian Orthodoxy, No religion, Islam"
    },
    {
      "countryName": "Burkina Faso",
      "capitalName": "Ouagadougou",
      "flagName": "bf",
      "worldPartCode": 2,
      "square": "274,200",
      "population": "21,510,181",
      "language": "French",
      "currency": "West African franc (XOF)",
      "formOfGovernment": "Unitary semi-presidential constitutional republic",
      "religion": "Islam, Christianity, Indigenous beliefs"
    },
    {
      "countryName": "Burundi",
      "capitalName": "Gitega",
      "flagName": "bi",
      "worldPartCode": 2,
      "square": "27,834",
      "population": "11,865,821",
      "language": "Kirundi, French",
      "currency": "Burundian franc (BIF)",
      "formOfGovernment": "Unitary dominant-party presidential constitutional republic",
      "religion": "Christianity, Catholic"
    },
    {
      "countryName": "Cambodia",
      "capitalName": "Phnom Penh",
      "flagName": "kh",
      "worldPartCode": 1,
      "square": "181,035",
      "population": "15,288,489",
      "language": "Khmer",
      "currency": "Riel (KHR)",
      "formOfGovernment": "Unitary dominant-party parliamentary elective constitutional monarchy",
      "religion": "Buddhism"
    },
    {
      "countryName": "Cameroon",
      "capitalName": "Yaoundé",
      "flagName": "cm",
      "worldPartCode": 2,
      "square": "475,442",
      "population": "26,545,864",
      "language": "English, French",
      "currency": "Central African franc (XAF)",
      "formOfGovernment": "Unitary dominant-party semi-presidential constitutional republic",
      "religion": "Christianity, Islam"
    },
    {
      "countryName": "Canada",
      "capitalName": "Ottawa",
      "flagName": "ca",
      "worldPartCode": 4,
      "square": "9,984,670",
      "population": "38,008,005",
      "language": "English, French",
      "currency": "Canadian dollar (CAD)",
      "formOfGovernment": "Federal parliamentary constitutional monarchy",
      "religion": "Christianity, No religion, Islam"
    },
    {
      "countryName": "Cape Verde",
      "capitalName": "Praia",
      "flagName": "cv",
      "worldPartCode": 2,
      "square": "4,033",
      "population": "543,767",
      "language": "Portuguese",
      "currency": "Cape Verdean escudo (CVE)",
      "formOfGovernment": "Unitary semi-presidential republic",
      "religion": "Christianity, Catholicism, No religion"
    },
    {
      "countryName": "Cayman Islands",
      "capitalName": "George Town",
      "flagName": "ky",
      "worldPartCode": 4,
      "square": "264",
      "population": "65,813",
      "language": "English",
      "currency": "Cayman Islands dollar (KYD)",
      "formOfGovernment": "Parliamentary dependency under a constitutional monarchy",
      "religion": "Christianity, Protestant,"
    },
    {
      "countryName": "Central African Republic",
      "capitalName": "Bangui",
      "flagName": "cf",
      "worldPartCode": 2,
      "square": "622,984",
      "population": "4,666,368",
      "language": "French, Sango",
      "currency": "Central African franc (XAF)",
      "formOfGovernment": "Unitary semi-presidential constitutional republic",
      "religion": "Christianity, Protestant, Catholic"
    },
    {
      "countryName": "Chad",
      "capitalName": "N'Djamena",
      "flagName": "td",
      "worldPartCode": 2,
      "square": "1,284,000",
      "population": "13,670,084",
      "language": "Arabic, French",
      "currency": "Central African franc (XAF)",
      "formOfGovernment": "Unitary dominant-party presidential republic",
      "religion": "Islam, Christianity"
    },
    {
      "countryName": "Chile",
      "capitalName": "Santiago",
      "flagName": "cl",
      "worldPartCode": 5,
      "square": "756,096.3",
      "population": "17,574,003",
      "language": "Spanish",
      "currency": "Peso (CLP)",
      "formOfGovernment": "Unitary presidential constitutional republic",
      "religion": "Christianity, Roman Catholic, Protestantism"
    },
    {
      "countryName": "China",
      "capitalName": "Beijing",
      "flagName": "cn",
      "worldPartCode": 1,
      "square": "9,596,961",
      "population": " 1,400,050,000",
      "language": "Standard Chinese",
      "currency": "Renminbi",
      "formOfGovernment": "Unitary Marxist–Leninist one-party socialist republic",
      "religion": "Folk, Buddhism, Salvationist sects"
    },
    {
      "countryName": "Colombia",
      "capitalName": "Bogotá",
      "flagName": "co",
      "worldPartCode": 5,
      "square": "1,141,748",
      "population": "50,372,424",
      "language": "Spanish",
      "currency": "Peso (COP)",
      "formOfGovernment": "Unitary presidential constitutional republic",
      "religion": "Christianity,  Roman Catholic, Protestant"
    },
    {
      "countryName": "Comoros",
      "capitalName": "Moroni",
      "flagName": "km",
      "worldPartCode": 2,
      "square": "1,861",
      "population": "850,688",
      "language": "Comorian, French, Arabic",
      "currency": "Comorian franc (KMF)",
      "formOfGovernment": "Federal presidential republic",
      "religion": "Sunni Islam"
    },
    {
      "countryName": "Cook Islands",
      "capitalName": "Avarua",
      "flagName": "ck",
      "worldPartCode": 3,
      "square": "236.7",
      "population": "17,459",
      "language": "English, Cook Islands Māori",
      "currency": "New Zealand dollar (NZD)",
      "formOfGovernment": "Unitary constitutional monarchy",
      "religion": "Christian"
    },
    {
      "countryName": "Costa Rica",
      "capitalName": "San José",
      "flagName": "cr",
      "worldPartCode": 4,
      "square": "51,100",
      "population": "4,999,441",
      "language": "Spanish",
      "currency": "Costa Rican colón (CRC)",
      "formOfGovernment": "Unitary presidential constitutional republic",
      "religion": "Christianity, Roman Catholic, Protestant, No religion"
    },
    {
      "countryName": "Cote d'Ivoire",
      "capitalName": "Yamoussoukro",
      "flagName": "ci",
      "worldPartCode": 2,
      "square": "322,463",
      "population": "26,378,274",
      "language": "French",
      "currency": "West African CFA franc (XOF)",
      "formOfGovernment": "Unitary presidential constitutional republic under a parliamentary system",
      "religion": "Islam, Christianity, Catholicism, ProtestantisIslam, Christianity, Catholicism, Protestantism"
    },
    {
      "countryName": "Croatia",
      "capitalName": "Zagreb",
      "flagName": "hr",
      "worldPartCode": 0,
      "square": "56,594",
      "population": "4,058,165",
      "language": "Croatian",
      "currency": "Kuna (HRK)",
      "formOfGovernment": "Unitary parliamentary constitutional republic",
      "religion": "Christianity, Catholicism, Orthodoxy, No religion"
    },
    {
      "countryName": "Cuba",
      "capitalName": "Havana",
      "flagName": "cu",
      "worldPartCode": 4,
      "square": "109,884",
      "population": "11,193,470",
      "language": "Spanish",
      "currency": "Peso (CUP)",
      "formOfGovernment": "Unitary Marxist–Leninist one-party socialist republic",
      "religion": "Christian, No Religion, Folk"
    },
    {
      "countryName": "Curacao",
      "capitalName": "Willemstad",
      "flagName": "cw",
      "worldPartCode": 5,
      "square": "444",
      "population": "163,424",
      "language": "Papiamentu, Dutch, English",
      "currency": "Netherlands Antillean guilder (ANG)",
      "formOfGovernment": "Parliamentary representative democracy within a constitutional monarchy",
      "religion": "Roman Catholic, Protestant, No Religion"
    },
    {
      "countryName": "Cyprus",
      "capitalName": "Nicosia",
      "flagName": "cy",
      "worldPartCode": 0,
      "square": "9,251",
      "population": "1,189,265",
      "language": "Greek, Turkish",
      "currency": "Euro (EUR)",
      "formOfGovernment": "Unitary presidential constitutional republic",
      "religion": "Orthodox Christianity"
    },
    {
      "countryName": "Czech Republic",
      "capitalName": "Prague",
      "flagName": "cz",
      "worldPartCode": 0,
      "square": "78,866",
      "population": "10,693,939",
      "language": "Czech",
      "currency": "Czech koruna (CZK)",
      "formOfGovernment": "Unitary parliamentary constitutional republic",
      "religion": "No religion, Christianity, Catholicism"
    },
    {
      "countryName": "Democratic Republic of the Congo",
      "capitalName": "Kinshasa",
      "flagName": "cd",
      "worldPartCode": 2,
      "square": "2,345,409",
      "population": "89,561,404",
      "language": "French",
      "currency": "Congolese franc (CDF)",
      "formOfGovernment": "Unitary semi-presidential constitutional republic",
      "religion": "Christianity, Roman Catholic"
    },
    {
      "countryName": "Denmark",
      "capitalName": "Copenhagen",
      "flagName": "dk",
      "worldPartCode": 0,
      "square": "42,933",
      "population": "5,837,213",
      "language": "Danish",
      "currency": "Danish krone (DKK)",
      "formOfGovernment": "Unitary parliamentary constitutional monarchy",
      "religion": "Christianity,  Church of Denmark, No religion"
    },
    {
      "countryName": "Djibouti",
      "capitalName": "Djibouti",
      "flagName": "dj",
      "worldPartCode": 2,
      "square": "23,200",
      "population": "921,804",
      "language": "French, Arabic",
      "currency": "Djiboutian franc (DJF)",
      "formOfGovernment": "Unitary dominant-party presidential republic",
      "religion": "Islam, Christianity"
    },
    {
      "countryName": "Dominica",
      "capitalName": "Roseau",
      "flagName": "dm",
      "worldPartCode": 4,
      "square": "750",
      "population": "71,625",
      "language": "English",
      "currency": "East Caribbean dollar (XCD)",
      "formOfGovernment": "Unitary parliamentary republic",
      "religion": "Christianity, Folk religion"
    },
    {
      "countryName": "Dominican Republic",
      "capitalName": "Santo Domingo",
      "flagName": "do",
      "worldPartCode": 4,
      "square": "48,671",
      "population": "10,878,246",
      "language": "Spanish",
      "currency": "Peso (DOP)",
      "formOfGovernment": "Unitary presidential republic",
      "religion": "Christianity, Catholicism, Protestantism"
    },
    {
      "countryName": "East Timor",
      "capitalName": "Dili",
      "flagName": "tl",
      "worldPartCode": 1,
      "square": "15,007",
      "population": "1,299,412",
      "language": "Tetum, Portuguese",
      "currency": "United States dollar (USD)",
      "formOfGovernment": "Unitary semi-presidential constitutional republic",
      "religion": "Christianity, Catholicism, Protestantism"
    },
    {
      "countryName": "Ecuador",
      "capitalName": "Quito",
      "flagName": "ec",
      "worldPartCode": 5,
      "square": "283,561",
      "population": "17,084,358",
      "language": "Spanish",
      "currency": "United States dollar (USD)",
      "formOfGovernment": "Unitary presidential constitutional republic",
      "religion": "Christianity, Roman Catholic, Protestant"
    },
    {
      "countryName": "Egypt",
      "capitalName": "Cairo",
      "flagName": "eg",
      "worldPartCode": 2,
      "square": "1,010,408",
      "population": "101,576,517",
      "language": "Arabic",
      "currency": "Egyptian pound (EGP)",
      "formOfGovernment": "Unitary semi-presidential republic",
      "religion": "Islam"
    },
    {
      "countryName": "El Salvador",
      "capitalName": "San Salvador",
      "flagName": "sv",
      "worldPartCode": 4,
      "square": "21,041",
      "population": "6,420,746",
      "language": "Spanish",
      "currency": "United States dollar (USD)",
      "formOfGovernment": "Unitary presidential constitutional republic",
      "religion": "Christianity, Roman Catholic,  Protestant"
    },
    {
      "countryName": "Equatorial Guinea",
      "capitalName": "Malabo",
      "flagName": "gq",
      "worldPartCode": 2,
      "square": "28,050",
      "population": "1,454,789",
      "language": "Spanish, Portuguese, French",
      "currency": "Central African CFA franc (XAF)",
      "formOfGovernment": "Unitary dominant-party presidential constitutional republic",
      "religion": "Christianity, Roman Catholic, Protestant"
    },
    {
      "countryName": "Eritrea",
      "capitalName": "Asmara",
      "flagName": "er",
      "worldPartCode": 2,
      "square": "117,600",
      "population": "6,081,196",
      "language": "Tigrinya, Beja, Tigre, Kunama",
      "currency": "Nakfa (ERN)",
      "formOfGovernment": "Unitary one-party presidential republic",
      "religion": "Christianity, Islam"
    },
    {
      "countryName": "Estonia",
      "capitalName": "Tallinn",
      "flagName": "ee",
      "worldPartCode": 0,
      "square": "45,339",
      "population": "1,329,460",
      "language": "Estonian",
      "currency": "Euro (EUR)",
      "formOfGovernment": "Unitary parliamentary republic",
      "religion": "No religion, Christianit, Orthodoxy"
    },
    {
      "countryName": "Ethiopia",
      "capitalName": "Addis Ababa",
      "flagName": "et",
      "worldPartCode": 2,
      "square": "1,104,300",
      "population": "109,224,414",
      "language": "Amharic, Oromo, Somali, Tigrinya",
      "currency": "Birr (ETB)",
      "formOfGovernment": "Ethnofederalist (federal) parliamentary constitutional republic",
      "religion": "Christianity, Ethiopian Orthodoxy, Pentay"
    },
    {
      "countryName": "Fiji",
      "capitalName": "Suva",
      "flagName": "fj",
      "worldPartCode": 3,
      "square": "18,274",
      "population": "926,276",
      "language": "Fijian, English, Fiji Hindi",
      "currency": "Fijian dollar (FJD)",
      "formOfGovernment": "Unitary parliamentary representative democratic republic",
      "religion": "Christianity, Methodism"
    },
    {
      "countryName": "Finland",
      "capitalName": "Helsinki",
      "flagName": "fi",
      "worldPartCode": 0,
      "square": "338,455",
      "population": "5,536,146",
      "language": "Finnish, Swedish",
      "currency": "Euro (EUR)",
      "formOfGovernment": "Unitary parliamentary republic",
      "religion": "Christianity, Lutheranism, Orthodoxy"
    },
    {
      "countryName": "France",
      "capitalName": "Paris",
      "flagName": "fr",
      "worldPartCode": 0,
      "square": "640,679",
      "population": "67,399,000",
      "language": "French",
      "currency": "Euro (EUR)",
      "formOfGovernment": "Unitary semi-presidential constitutional republic",
      "religion": "Christianity, No religion"
    },
    {
      "countryName": "Gabon",
      "capitalName": "Libreville",
      "flagName": "ga",
      "worldPartCode": 2,
      "square": "267,667",
      "population": "2,119,275",
      "language": "French",
      "currency": "Central African CFA franc (XAF)",
      "formOfGovernment": "Unitary dominant-party presidential republic",
      "religion": "Christianity, Roman Catholic, Protestant"
    },
    {
      "countryName": "The Gambia",
      "capitalName": "Banjul",
      "flagName": "gm",
      "worldPartCode": 2,
      "square": "10,689",
      "population": "2,173,999",
      "language": "English",
      "currency": "Dalasi (GMD)",
      "formOfGovernment": "Unitary presidential republic",
      "religion": "Islam, Christianity"
    },
    {
      "countryName": "Georgia",
      "capitalName": "Tbilisi",
      "flagName": "ge",
      "worldPartCode": 1,
      "square": "69,700",
      "population": "3,716,858",
      "language": "Georgian",
      "currency": "Georgian lari (GEL)",
      "formOfGovernment": "Unitary parliamentary constitutional republic",
      "religion": "Christianity, Georgian Orthodoxy"
    },
    {
      "countryName": "Germany",
      "capitalName": "Berlin",
      "flagName": "de",
      "worldPartCode": 0,
      "square": "357,022",
      "population": "83,166,711",
      "language": "German",
      "currency": "Euro (EUR)",
      "formOfGovernment": "Federal parliamentary republic",
      "religion": "Christianity"
    },
    {
      "countryName": "Ghana",
      "capitalName": "Accra",
      "flagName": "gh",
      "worldPartCode": 2,
      "square": "239,567",
      "population": "31,072,940",
      "language": "English, Twi, Bassare, Nafaanra, Buli, Dagaare, Dagbani",
      "currency": "Cedi (GHS)",
      "formOfGovernment": "Unitary presidential constitutional republic",
      "religion": "Christianity, Protestantism, Catholicism"
    },
    {
      "countryName": "Greece",
      "capitalName": "Athens",
      "flagName": "gr",
      "worldPartCode": 0,
      "square": "131,957",
      "population": "10,724,599",
      "language": "Greek",
      "currency": "Euro (EUR)",
      "formOfGovernment": "Unitary parliamentary republic",
      "religion": "Christianity,  Greek Orthodoxy, Christian"
    },
    {
      "countryName": "Grenada",
      "capitalName": "St. George's",
      "flagName": "gd",
      "worldPartCode": 4,
      "square": "348.5",
      "population": "111,454",
      "language": "English",
      "currency": "East Caribbean dollar (XCD)",
      "formOfGovernment": "Unitary two-party parliamentary constitutional monarchy",
      "religion": "Christianity, Protestantism"
    },
    {
      "countryName": "Guatemala",
      "capitalName": "Guatemala City",
      "flagName": "gt",
      "worldPartCode": 4,
      "square": "108,889",
      "population": "17,263,239",
      "language": "Spanish",
      "currency": "Quetzal (GTQ)",
      "formOfGovernment": "Unitary presidential republic",
      "religion": "Christianity, Roman Catholic, Protestant"
    },
    {
      "countryName": "Guinea",
      "capitalName": "Conakry",
      "flagName": "gn",
      "worldPartCode": 2,
      "square": "245,857",
      "population": "12,414,293",
      "language": "French",
      "currency": "Guinean franc (GNF)",
      "formOfGovernment": "Unitary presidential republic",
      "religion": "Islam, Christianity"
    },
    {
      "countryName": "Guinea-Bissau",
      "capitalName": "Bissau",
      "flagName": "gw",
      "worldPartCode": 2,
      "square": "36,125",
      "population": "1,874,303",
      "language": "Portuguese",
      "currency": "West African CFA franc (XOF)",
      "formOfGovernment": "Unitary semi-presidential republic",
      "religion": "Muslim, Christian"
    },
    {
      "countryName": "Guyana",
      "capitalName": "Georgetown",
      "flagName": "gy",
      "worldPartCode": 5,
      "square": "214,970",
      "population": "743,700",
      "language": "English",
      "currency": "Guyanese dollar (GYD)",
      "formOfGovernment": "Unitary presidential constitutional republic",
      "religion": "Christianity, Hinduism, Islam"
    },
    {
      "countryName": "Haiti",
      "capitalName": "Port-au-Prince",
      "flagName": "ht",
      "worldPartCode": 4,
      "square": "27,750",
      "population": "11,439,646",
      "language": "Haitian Creole, French",
      "currency": "Gourde (HTG)",
      "formOfGovernment": "Unitary semi-presidential republic",
      "religion": "Christianity, No religion"
    },
    {
      "countryName": "Honduras",
      "capitalName": "Tegucigalpa",
      "flagName": "hn",
      "worldPartCode": 4,
      "square": "112,492",
      "population": "9,587,522",
      "language": "Spanish",
      "currency": "Lempira (HNL)",
      "formOfGovernment": "Unitary presidential republic",
      "religion": "Christianity, Catholic, Protestant"
    },
    {
      "countryName": "Hungary",
      "capitalName": "Budapest",
      "flagName": "hu",
      "worldPartCode": 0,
      "square": "93,030",
      "population": "9,769,526",
      "language": "Hungarian",
      "currency": "Forint (HUF)",
      "formOfGovernment": "Unitary dominant-party parliamentary constitutional republic",
      "religion": "Christianity, Catholicism, Protestantism"
    },
    {
      "countryName": "Iceland",
      "capitalName": "Reykjavík",
      "flagName": "is",
      "worldPartCode": 0,
      "square": "102,775",
      "population": "364,134",
      "language": "Icelandic",
      "currency": "Icelandic króna (ISK)",
      "formOfGovernment": "Unitary parliamentary republic",
      "religion": "Christianity,  Church of Iceland"
    },
    {
      "countryName": "India",
      "capitalName": "New Delhi",
      "flagName": "in",
      "worldPartCode": 1,
      "square": "3,287,263",
      "population": "1,352,642,280",
      "language": "Hindi, English",
      "currency": "Indian rupee (INR)",
      "formOfGovernment": "Federal parliamentary constitutional republic",
      "religion": "Hinduism, Islam, Christianity, Sikhism"
    },
    {
      "countryName": "Indonesia",
      "capitalName": "Jakarta",
      "flagName": "id",
      "worldPartCode": 1,
      "square": "1,904,569",
      "population": "270,203,917",
      "language": "Indonesian",
      "currency": "Indonesian rupiah (IDR)",
      "formOfGovernment": "Unitary presidential constitutional republic",
      "religion": "Islam, Christianity, Hinduism"
    },
    {
      "countryName": "Iran",
      "capitalName": "Tehran",
      "flagName": "ir",
      "worldPartCode": 1,
      "square": "1,648,195",
      "population": "83,183,741",
      "language": "Persian",
      "currency": "Iranian rial (IRR)",
      "formOfGovernment": "Unitary Khomeinist presidential Islamic republic",
      "religion": "Islam, Shia Islam, Sunni Islam"
    },
    {
      "countryName": "Iraq",
      "capitalName": "Baghdad",
      "flagName": "iq",
      "worldPartCode": 1,
      "square": "437,072",
      "population": "38,433,600",
      "language": "Arabic, Kurdish",
      "currency": "Iraqi dinar (IQD)",
      "formOfGovernment": "Federal parliamentary constitutional republic",
      "religion": "Islam, Christianity"
    },
    {
      "countryName": "Ireland",
      "capitalName": "Dublin",
      "flagName": "ie",
      "worldPartCode": 0,
      "square": "84,421",
      "population": "6,572,728",
      "language": "English, Irish, Ulster Scots, Shelta",
      "currency": "Irish pound (IEP)",
      "formOfGovernment": "Parliamentary republic",
      "religion": "Catholic Church, Church of Ireland"
    },
    {
      "countryName": "Israel",
      "capitalName": "Jerusalem",
      "flagName": "il",
      "worldPartCode": 1,
      "square": "20,770",
      "population": "9,330,380",
      "language": "Hebrew",
      "currency": "New shekel (ILS)",
      "formOfGovernment": "Unitary parliamentary constitutional republic",
      "religion": "Judaism, Islam, Christianity"
    },
    {
      "countryName": "Italy",
      "capitalName": "Rome",
      "flagName": "it",
      "worldPartCode": 0,
      "square": "301,340",
      "population": "60,317,116",
      "language": "Italian",
      "currency": "Euro (EUR)",
      "formOfGovernment": "Unitary parliamentary constitutional republic",
      "religion": "Christianity, No religion"
    },
    {
      "countryName": "Jamaica",
      "capitalName": "Kingston",
      "flagName": "jm",
      "worldPartCode": 4,
      "square": "10,991",
      "population": "2,726,667",
      "language": "English",
      "currency": "Jamaican dollar (JMD)",
      "formOfGovernment": "Unitary parliamentary constitutional monarchy",
      "religion": "Christianity, Protestantism"
    },
    {
      "countryName": "Japan",
      "capitalName": "Tokyo",
      "flagName": "jp",
      "worldPartCode": 1,
      "square": "377,975",
      "population": "125,480,000",
      "language": "Japanese",
      "currency": "Japanese yen (JPY)",
      "formOfGovernment": "Unitary parliamentary constitutional monarchy",
      "religion": "Shintoism, Buddhism"
    },
    {
      "countryName": "Jordan",
      "capitalName": "Amman",
      "flagName": "jo",
      "worldPartCode": 1,
      "square": "89,342",
      "population": "10,658,123",
      "language": "Arabic",
      "currency": "Jordanian dinar (JOD)",
      "formOfGovernment": "Unitary parliamentary constitutional monarchy",
      "religion": "Islam"
    },
    {
      "countryName": "Kazakhstan",
      "capitalName": "Nur-Sultan",
      "flagName": "kz",
      "worldPartCode": 1,
      "square": "2,724,900",
      "population": "18,711,560",
      "language": "Kazakh",
      "currency": "Tenge (KZT)",
      "formOfGovernment": "Unitary dominant-party presidential constitutional republic",
      "religion": "Muslims, Christians"
    },
    {
      "countryName": "Kenya",
      "capitalName": "Nairobi",
      "flagName": "ke",
      "worldPartCode": 2,
      "square": "580,367",
      "population": "47,564,296",
      "language": "English, Swahili",
      "currency": "Kenyan shilling (KES)",
      "formOfGovernment": "Unitary presidential constitutional republic",
      "religion": "Christianity, Protestantism, Catholicism"
    },
    {
      "countryName": "Kiribati",
      "capitalName": "South Tarawa",
      "flagName": "ki",
      "worldPartCode": 3,
      "square": "811",
      "population": "119,940",
      "language": "English, Gilbertese",
      "currency": "Australian dollar (AUD)",
      "formOfGovernment": "Unitary parliamentary republic with an executive presidency",
      "religion": "Christian, Baháʼí Faith"
    },
    {
      "countryName": "Democratic People's Republic of Korea",
      "capitalName": "Pyongyang",
      "flagName": "kp",
      "worldPartCode": 1,
      "square": "120,540",
      "population": "25,549,604",
      "language": "Korean",
      "currency": "Korean People's won (KPW)",
      "formOfGovernment": "Unitary Juche one-party republic under a totalitarian dictatorship",
      "religion": "No religion"
    },
    {
      "countryName": "Republic of Korea",
      "capitalName": "Seoul",
      "flagName": "kr",
      "worldPartCode": 1,
      "square": "100,363",
      "population": "51,709,098",
      "language": "Korean",
      "currency": "Korean Republic won (KRW)",
      "formOfGovernment": "Unitary presidential constitutional republic",
      "religion": "No religion, Christianity, Korean Buddhism"
    },
    {
      "countryName": "Kosovo",
      "capitalName": "Pristina",
      "flagName": "xk",
      "worldPartCode": 0,
      "square": "10,887",
      "population": "1,873,160",
      "language": "Albanian, Serbian",
      "currency": "Euro (EUR)",
      "formOfGovernment": "Unitary parliamentary constitutional republic",
      "religion": "Muslim, Christian"
    },
    {
      "countryName": "Kuwait",
      "capitalName": "Kuwait City",
      "flagName": "kw",
      "worldPartCode": 1,
      "square": "17,818",
      "population": "4,420,110",
      "language": "Arabic",
      "currency": "Kuwaiti dinar (KWD)",
      "formOfGovernment": "Unitary constitutional monarchy",
      "religion": "Islam"
    },
    {
      "countryName": "Kyrgyzstan",
      "capitalName": "Bishkek",
      "flagName": "kg",
      "worldPartCode": 1,
      "square": "199,951",
      "population": "6,586,600",
      "language": "Kyrgyz",
      "currency": "Kyrgyzstani som (KGS)",
      "formOfGovernment": "Unitary parliamentary secular constitutional republic",
      "religion": "Islam, Christianity"
    },
    {
      "countryName": "Laos",
      "capitalName": "Vientiane",
      "flagName": "la",
      "worldPartCode": 1,
      "square": "237,955",
      "population": "7,123,205",
      "language": "Lao",
      "currency": "Kip (LAK)",
      "formOfGovernment": "Unitary Marxist–Leninist one-party socialist republic",
      "religion": "Buddhism, Tai folk religion"
    },
    {
      "countryName": "Latvia",
      "capitalName": "Riga",
      "flagName": "lv",
      "worldPartCode": 0,
      "square": "64,589",
      "population": "1,907,675",
      "language": "Latvian",
      "currency": "Euro (EUR)",
      "formOfGovernment": "Unitary parliamentary constitutional republic",
      "religion": "Christianity, Lutheranism, Catholicism"
    },
    {
      "countryName": "Lebanon",
      "capitalName": "Beirut",
      "flagName": "lb",
      "worldPartCode": 1,
      "square": "10,452",
      "population": "6,859,408",
      "language": "Arabic",
      "currency": "Lebanese lira (LBP)",
      "formOfGovernment": "Unitary parliamentary confessionalist constitutional republic",
      "religion": "Muslim, Shia Islam, Sunni Islam, Christian"
    },
    {
      "countryName": "Lesotho",
      "capitalName": "Maseru",
      "flagName": "ls",
      "worldPartCode": 2,
      "square": "30,355",
      "population": "2,108,328",
      "language": "Sesotho, English",
      "currency": "Loti (LSL)",
      "formOfGovernment": "Unitary parliamentary constitutional monarchy",
      "religion": "Christianity, Catholicism, Protestantism"
    },
    {
      "countryName": "Liberia",
      "capitalName": "Monrovia",
      "flagName": "lr",
      "worldPartCode": 2,
      "square": "111,369",
      "population": "5,073,296",
      "language": "English",
      "currency": "Liberian dollar (LRD)",
      "formOfGovernment": "Unitary presidential constitutional republic",
      "religion": "Christianity, Islam"
    },
    {
      "countryName": "Libya",
      "capitalName": "Tripoli",
      "flagName": "ly",
      "worldPartCode": 2,
      "square": "1,759,541",
      "population": "6,871,287",
      "language": "Arabic",
      "currency": "Libyan dinar (LYD)",
      "formOfGovernment": "Unitary provisional unity government",
      "religion": "Islam"
    },
    {
      "countryName": "Liechtenstein",
      "capitalName": "Vaduz",
      "flagName": "li",
      "worldPartCode": 0,
      "square": "160",
      "population": "38,896",
      "language": "German",
      "currency": "Swiss franc (CHF)",
      "formOfGovernment": "Semi-direct democracy under a Unitary parliamentary semi-constitutional monarchy",
      "religion": "Christianity,  Roman Catholic, Christian"
    },
    {
      "countryName": "Lithuania",
      "capitalName": "Vilnius",
      "flagName": "lt",
      "worldPartCode": 0,
      "square": "65,300",
      "population": "2,793,694",
      "language": "Lithuanian",
      "currency": "Euro (EUR)",
      "formOfGovernment": "Unitary semi-presidential republic",
      "religion": "Christianity, Catholicism, Christian"
    },
    {
      "countryName": "Luxembourg",
      "capitalName": "Luxembourg City",
      "flagName": "lu",
      "worldPartCode": 0,
      "square": "2,586.4",
      "population": "633,622",
      "language": "Luxembourgish",
      "currency": "Euro (EUR)",
      "formOfGovernment": "Unitary parliamentary constitutional monarchy",
      "religion": "Christianity, Roman Catholic"
    },
    {
      "countryName": "Madagascar",
      "capitalName": "Antananarivo",
      "flagName": "mg",
      "worldPartCode": 2,
      "square": "587,041",
      "population": "26,262,313",
      "language": "Malagasy, French",
      "currency": "Ariary (MGA)",
      "formOfGovernment": "Unitary semi-presidential constitutional republic",
      "religion": "Christianity, Protestantism, Catholicism"
    },
    {
      "countryName": "Malawi",
      "capitalName": "Lilongwe",
      "flagName": "mw",
      "worldPartCode": 2,
      "square": "118,484",
      "population": "19,129,952",
      "language": "English, Chewa",
      "currency": "Malawian kwacha (MWK)",
      "formOfGovernment": "Unitary Presidential Republic",
      "religion": "Christianity, Protestantism, Catholicism"
    },
    {
      "countryName": "Malaysia",
      "capitalName": "Kuala Lumpur",
      "flagName": "my",
      "worldPartCode": 1,
      "square": "330,803",
      "population": "32,730,000",
      "language": "Malaysian",
      "currency": "Ringgit (MYR)",
      "formOfGovernment": "Federal parliamentary constitutional elective monarchy",
      "religion": "Islam, Buddhism, Christianity"
    },
    {
      "countryName": "Maldives",
      "capitalName": "Malé",
      "flagName": "mv",
      "worldPartCode": 1,
      "square": "300",
      "population": "379,270",
      "language": "Dhivehi",
      "currency": "Maldivian rufiyaa (MVR)",
      "formOfGovernment": "Unitary presidential republic",
      "religion": "Sunni Islam"
    },
    {
      "countryName": "Mali",
      "capitalName": "Bamako",
      "flagName": "ml",
      "worldPartCode": 2,
      "square": "1,240,192",
      "population": "20,250,833",
      "language": "French",
      "currency": "West African franc (XOF)",
      "formOfGovernment": "Unitary semi-presidential republic under a provisional government",
      "religion": " Islam"
    },
    {
      "countryName": "Malta",
      "capitalName": "Valletta",
      "flagName": "mt",
      "worldPartCode": 0,
      "square": "316",
      "population": "514,564",
      "language": "Maltese, English",
      "currency": "Euro (EUR)",
      "formOfGovernment": "Unitary parliamentary constitutional republic",
      "religion": "Christianity, Roman Catholic"
    },
    {
      "countryName": "Marshall Islands",
      "capitalName": "Majuro",
      "flagName": "mh",
      "worldPartCode": 3,
      "square": "181.43",
      "population": "58,413",
      "language": "Marshallese, English",
      "currency": "United States dollar (USD)",
      "formOfGovernment": "Unitary parliamentary republic with an executive presidency",
      "religion": "Christianity"
    },
    {
      "countryName": "Mauritania",
      "capitalName": "Nouakchott",
      "flagName": "mr",
      "worldPartCode": 2,
      "square": "1,030,000",
      "population": "4,403,313",
      "language": "Arabic",
      "currency": "Ouguiya (MRU)",
      "formOfGovernment": "Unitary semi-presidential Islamic republic",
      "religion": "Islam"
    },
    {
      "countryName": "Mauritius",
      "capitalName": "Port Louis",
      "flagName": "mu",
      "worldPartCode": 2,
      "square": "2,040",
      "population": "1,265,475",
      "language": "English, French",
      "currency": "Mauritian rupee (MUR)",
      "formOfGovernment": "Unitary parliamentary republic",
      "religion": "Hinduism, Christianity, Catholicism"
    },
    {
      "countryName": "Mexico",
      "capitalName": "Mexico City",
      "flagName": "mx",
      "worldPartCode": 4,
      "square": "1,972,550",
      "population": "126,014,024",
      "language": "Spanish",
      "currency": "Mexican peso (MXN)",
      "formOfGovernment": "Federal presidential constitutional republic",
      "religion": "Christianity, Roman Catholic, Protestantism"
    },
    {
      "countryName": "Federated States of Micronesia",
      "capitalName": "Palikir",
      "flagName": "fm",
      "worldPartCode": 3,
      "square": "702",
      "population": "104,468",
      "language": "English",
      "currency": "United States dollar (USD)",
      "formOfGovernment": "Federal assembly-independent republic",
      "religion": "Christianity, Catholicism, Protestantism"
    },
    {
      "countryName": "Moldova",
      "capitalName": "Kishinev",
      "flagName": "md",
      "worldPartCode": 0,
      "square": "33,846",
      "population": "2,640,438",
      "language": "Romanian",
      "currency": "Moldovan leu (MDL)",
      "formOfGovernment": "Unitary parliamentary constitutional secular republic",
      "religion": "Orthodox, Protestant"
    },
    {
      "countryName": "Monaco",
      "capitalName": "Monaco",
      "flagName": "mc",
      "worldPartCode": 0,
      "square": "2.1",
      "population": "38,300",
      "language": "French",
      "currency": "Euro (EUR)",
      "formOfGovernment": "Unitary constitutional monarchy",
      "religion": "Christianity, Roman Catholic"
    },
    {
      "countryName": "Mongolia",
      "capitalName": "Ulaanbaatar",
      "flagName": "mn",
      "worldPartCode": 1,
      "square": "1,566,000",
      "population": "3,353,470",
      "language": "Mongolian",
      "currency": "Tögrög (MNT)",
      "formOfGovernment": "Unitary semi-presidential republic",
      "religion": "Buddhism, No religion, Islam"
    },
    {
      "countryName": "Montenegro",
      "capitalName": "Podgorica",
      "flagName": "me",
      "worldPartCode": 0,
      "square": "13,812",
      "population": "621,873",
      "language": "Montenegrin",
      "currency": "Euro (EUR)",
      "formOfGovernment": "Unitary parliamentary technocratic constitutional republic",
      "religion": "Christianity,  Eastern Orthodoxy"
    },
    {
      "countryName": "Morocco",
      "capitalName": "Rabat",
      "flagName": "ma",
      "worldPartCode": 2,
      "square": "710,850",
      "population": "37,112,080",
      "language": "Arabic, Berber",
      "currency": "Moroccan dirham (MAD)",
      "formOfGovernment": "Unitary parliamentary semi-constitutional monarchy",
      "religion": "Islam"
    },
    {
      "countryName": "Mozambique",
      "capitalName": "Maputo",
      "flagName": "mz",
      "worldPartCode": 2,
      "square": "801,590",
      "population": "30,066,648",
      "language": "Portuguese",
      "currency": "Metical (MZN)",
      "formOfGovernment": "Unitary dominant-party semi-presidential constitutional republic",
      "religion": "Christianity, Roman Catholic, Protestant"
    },
    {
      "countryName": "Myanmar",
      "capitalName": "Naypyidaw",
      "flagName": "mm",
      "worldPartCode": 1,
      "square": "676,578",
      "population": "53,582,855",
      "language": "Burmese",
      "currency": "Kyat (MMK)",
      "formOfGovernment": "Unitary parliamentary assembly-independent republic under a military junta",
      "religion": "Buddhism, Christianity"
    },
    {
      "countryName": "Namibia",
      "capitalName": "Windhoek",
      "flagName": "na",
      "worldPartCode": 2,
      "square": "825,615",
      "population": "2,746,745",
      "language": "English",
      "currency": "Namibian dollar (NAD)",
      "formOfGovernment": "Unitary dominant-party semi-presidential republic",
      "religion": "Christianity, Lutheranism, Catholicism"
    },
    {
      "countryName": "Nauru",
      "capitalName": "Yaren",
      "flagName": "nr",
      "worldPartCode": 3,
      "square": "21",
      "population": "10,670",
      "language": "Nauruan, English",
      "currency": "Australian dollar (AUD)",
      "formOfGovernment": "Unitary parliamentary republic under a non-partisan democracy",
      "religion": "Nauru Congregational Church, Roman Catholic"
    },
    {
      "countryName": "Nepal",
      "capitalName": "Kathmandu",
      "flagName": "np",
      "worldPartCode": 1,
      "square": "147,516",
      "population": "28,095,714",
      "language": "Nepali",
      "currency": "Nepalese rupee (NPR)",
      "formOfGovernment": "Federal parliamentary republic",
      "religion": "Hinduism, Buddhism, Islam"
    },
    {
      "countryName": "Netherlands",
      "capitalName": "Amsterdam",
      "flagName": "nl",
      "worldPartCode": 0,
      "square": "41,865",
      "population": "17,469,635",
      "language": "Dutch, English, Papiamento, West Frisian",
      "currency": "Euro (EUR)",
      "formOfGovernment": "Unitary parliamentary constitutional monarchy",
      "religion": "No religion, Christianity, Catholicism"
    },
    {
      "countryName": "New Zealand",
      "capitalName": "Wellington",
      "flagName": "nz",
      "worldPartCode": 3,
      "square": "268,021",
      "population": "5,123,440",
      "language": "English, Māori",
      "currency": "New Zealand dollar (NZD)",
      "formOfGovernment": "Unitary parliamentary constitutional monarchy",
      "religion": "No religion, Christianity"
    },
    {
      "countryName": "Nicaragua",
      "capitalName": "Managua",
      "flagName": "ni",
      "worldPartCode": 4,
      "square": "130,375",
      "population": "6,486,201",
      "language": "Spanish",
      "currency": "Córdoba (NIO)",
      "formOfGovernment": "Unitary dominant-party presidential constitutional republic",
      "religion": "Christianity, Roman Catholic, Protestant"
    },
    {
      "countryName": "Niger",
      "capitalName": "Niamey",
      "flagName": "ne",
      "worldPartCode": 2,
      "square": "1,267,000",
      "population": "24,112,753",
      "language": "French",
      "currency": "West African CFA franc (XOF)",
      "formOfGovernment": "Unitary semi-presidential republic",
      "religion": "Islam"
    },
    {
      "countryName": "Nigeria",
      "capitalName": "Abuja",
      "flagName": "ng",
      "worldPartCode": 2,
      "square": "923,769",
      "population": "206,630,269",
      "language": "English",
      "currency": "Naira (NGN)",
      "formOfGovernment": "Federal presidential constitutional republic",
      "religion": "Muslim, Christian"
    },
    {
      "countryName": "Niue",
      "capitalName": "Alofi",
      "flagName": "nu",
      "worldPartCode": 3,
      "square": "261.46",
      "population": "1,620",
      "language": "English, Niuean",
      "currency": "New Zealand dollar (NZD)",
      "formOfGovernment": "Unitary parliamentary constitutional monarchy under a non-partisan democracy",
      "religion": "Christianity"
    },
    {
      "countryName": "North Macedonia",
      "capitalName": "Skopje",
      "flagName": "mk",
      "worldPartCode": 0,
      "square": "25,713",
      "population": "2,077,132",
      "language": "Macedonian, Albanian",
      "currency": "Macedonian denar (MKD)",
      "formOfGovernment": "Unitary parliamentary republic",
      "religion": "Eastern Orthodoxy"
    },
    {
      "countryName": "Norway",
      "capitalName": "Oslo",
      "flagName": "no",
      "worldPartCode": 0,
      "square": "385,207",
      "population": "5,391,369",
      "language": "Norwegian",
      "currency": "Norwegian krone (NOK)",
      "formOfGovernment": "Unitary parliamentary constitutional monarchy",
      "religion": "Christianity, Church of Norway"
    },
    {
      "countryName": "Oman",
      "capitalName": "Muscat",
      "flagName": "om",
      "worldPartCode": 1,
      "square": "309,500",
      "population": "4,829,473",
      "language": "Arabic",
      "currency": "Omani rial (OMR)",
      "formOfGovernment": "Unitary absolute monarchy",
      "religion": "Islam"
    },
    {
      "countryName": "Pakistan",
      "capitalName": "Islamabad",
      "flagName": "pk",
      "worldPartCode": 1,
      "square": "881,913",
      "population": "212,228,286",
      "language": "English, Urdu",
      "currency": "Pakistani rupee (PKR)",
      "formOfGovernment": "Federal parliamentary constitutional republic",
      "religion": "Islam"
    },
    {
      "countryName": "Palau",
      "capitalName": "Ngerulmud",
      "flagName": "pw",
      "worldPartCode": 3,
      "square": "459",
      "population": "17,907",
      "language": "Palauan, English",
      "currency": "United States dollar (USD)",
      "formOfGovernment": "Unitary presidential constitutional republic under a non-partisan democracy",
      "religion": "Christianity, Modekngei"
    },
    {
      "countryName": "Palestinian territories",
      "capitalName": "Ramallah",
      "flagName": "ps",
      "worldPartCode": 1,
      "square": "6,220",
      "population": "4,816,503",
      "language": "Arabic, Hebrew, English",
      "currency": "Egyptian pound (EGP)",
      "formOfGovernment": "Parliamentary republic",
      "religion": "Islam"
    },
    {
      "countryName": "Panama",
      "capitalName": "Panama City",
      "flagName": "pa",
      "worldPartCode": 4,
      "square": "75,417",
      "population": "4,176,869",
      "language": "Spanish",
      "currency": "Balboa (PAB)",
      "formOfGovernment": "Unitary presidential constitutional republic",
      "religion": "Christianity, Roman Catholic, Protestant"
    },
    {
      "countryName": "Papua New Guinea",
      "capitalName": "Port Moresby",
      "flagName": "pg",
      "worldPartCode": 3,
      "square": "462,840",
      "population": "8,935,000",
      "language": "English, Hiri Motu",
      "currency": "Kina (PGK)",
      "formOfGovernment": "Unitary parliamentary constitutional monarchy",
      "religion": "Christianity, Protestantism, Catholicism"
    },
    {
      "countryName": "Paraguay",
      "capitalName": "Asunción",
      "flagName": "py",
      "worldPartCode": 5,
      "square": "406,796",
      "population": "7,359,000",
      "language": "Spanish, Guarani",
      "currency": "Guaraní (PYG)",
      "formOfGovernment": "Unitary presidential republic",
      "religion": "Christianity, Roman Catholic"
    },
    {
      "countryName": "Peru",
      "capitalName": "Lima",
      "flagName": "pe",
      "worldPartCode": 5,
      "square": "1,285,216",
      "population": "32,824,358",
      "language": "Spanish",
      "currency": "Sol (PEN)",
      "formOfGovernment": "Unitary presidential republic",
      "religion": "Christianity, Roman Catholic, Other Christian"
    },
    {
      "countryName": "Philippines",
      "capitalName": "Manila",
      "flagName": "ph",
      "worldPartCode": 1,
      "square": "300,000",
      "population": "106,651,394",
      "language": "Filipino, English",
      "currency": "Philippine peso (PHP)",
      "formOfGovernment": "Unitary presidential constitutional republic",
      "religion": "Christianity, Roman Catholic, Protestant"
    },
    {
      "countryName": "Poland",
      "capitalName": "Warsaw",
      "flagName": "pl",
      "worldPartCode": 0,
      "square": "312,696",
      "population": "38,268,000",
      "language": "Polish",
      "currency": "Złoty (PLN)",
      "formOfGovernment": "Unitary semi-presidential constitutional republic",
      "religion": "Christianity, Catholicism"
    },
    {
      "countryName": "Portugal",
      "capitalName": "Lisbon",
      "flagName": "pt",
      "worldPartCode": 0,
      "square": "92,212",
      "population": "10,295,909",
      "language": "Portuguese",
      "currency": "Euro (€) (EUR)",
      "formOfGovernment": "Unitary semi-presidential constitutional republic",
      "religion": "Christianity, Roman Catholic"
    },
    {
      "countryName": "Puerto Rico",
      "capitalName": "San Juan",
      "flagName": "pr",
      "worldPartCode": 4,
      "square": "9,104",
      "population": "3,142,779",
      "language": "Spanish, English",
      "currency": "United States dollar (USD)",
      "formOfGovernment": "Devolved presidential constitutional dependency",
      "religion": "Roman Catholicism, Protestantism"
    },
    {
      "countryName": "Qatar",
      "capitalName": "Doha",
      "flagName": "qa",
      "worldPartCode": 1,
      "square": "11,581",
      "population": "2,795,484",
      "language": "Arabic",
      "currency": "Qatari riyal (QAR)",
      "formOfGovernment": "Unitary semi-constitutional monarchy",
      "religion": "Islam"
    },
    {
      "countryName": "Romania",
      "capitalName": "Bucharest",
      "flagName": "ro",
      "worldPartCode": 0,
      "square": "238,397",
      "population": "19,317,984",
      "language": "Romanian",
      "currency": "Romanian leu (RON)",
      "formOfGovernment": "Unitary semi-presidential republic",
      "religion": "Christianity, Romanian Orthodoxy, Protestantism"
    },
    {
      "countryName": "Russia",
      "capitalName": "Moscow",
      "flagName": "ru",
      "worldPartCode": 0,
      "square": "17,098,246",
      "population": "146,171,015",
      "language": "Russian",
      "currency": "Russian ruble (RUB)",
      "formOfGovernment": "Federal semi-presidential constitutional republic",
      "religion": "Christianity,  Russian Orthodoxy"
    },
    {
      "countryName": "Rwanda",
      "capitalName": "Kigali",
      "flagName": "rw",
      "worldPartCode": 2,
      "square": "26,338",
      "population": "12,374,397",
      "language": "English, French, Kinyarwanda, Swahili",
      "currency": "Rwandan franc (RWF)",
      "formOfGovernment": "Unitary dominant-party presidential constitutional republic",
      "religion": "Roman Catholicism, Christianity"
    },
    {
      "countryName": "Saint Kitts and Nevis",
      "capitalName": "Basseterre",
      "flagName": "kn",
      "worldPartCode": 4,
      "square": "261",
      "population": "52,441",
      "language": "English, Saint Kitts Creole",
      "currency": "East Caribbean dollar (XCD)",
      "formOfGovernment": "Federal parliamentary constitutional monarchy",
      "religion": "Christianity"
    },
    {
      "countryName": "Saint Lucia",
      "capitalName": "Castries",
      "flagName": "lc",
      "worldPartCode": 4,
      "square": "617",
      "population": "184,751",
      "language": "English",
      "currency": "East Caribbean dollar (XCD)",
      "formOfGovernment": "Unitary parliamentary constitutional monarchy",
      "religion": "Christianity"
    },
    {
      "countryName": "Saint Vincent and the Grenadines",
      "capitalName": "Kingstown",
      "flagName": "vc",
      "worldPartCode": 4,
      "square": "389",
      "population": "110,211",
      "language": "English, Vincentian Creole",
      "currency": "East Caribbean dollar (XCD)",
      "formOfGovernment": "Unitary parliamentary constitutional monarchy",
      "religion": "Christianity"
    },
    {
      "countryName": "Samoa",
      "capitalName": "Apia",
      "flagName": "ws",
      "worldPartCode": 3,
      "square": "2,842",
      "population": "202,506",
      "language": "Samoan, English",
      "currency": "Tala (WST)",
      "formOfGovernment": "Unitary dominant-party parliamentary republic",
      "religion": "Christianity"
    },
    {
      "countryName": "San Marino",
      "capitalName": "San Marino",
      "flagName": "sm",
      "worldPartCode": 0,
      "square": "61.2",
      "population": "33,600",
      "language": "Italian",
      "currency": "Euro (EUR)",
      "formOfGovernment": "Unitary assembly-independent diarchic directorial republic",
      "religion": "Catholicism"
    },
    {
      "countryName": "Sao Tome and Principe",
      "capitalName": "Sao Tome",
      "flagName": "st",
      "worldPartCode": 2,
      "square": "1,001",
      "population": "211,028",
      "language": "Portuguese",
      "currency": "Dobra (STN)",
      "formOfGovernment": "Unitary semi-presidential republic",
      "religion": "Christianity"
    },
    {
      "countryName": "Saudi Arabia",
      "capitalName": "Riyadh",
      "flagName": "sa",
      "worldPartCode": 1,
      "square": "2,149,690",
      "population": "34,218,169",
      "language": "Arabic",
      "currency": "Saudi Riyal (SAR)",
      "formOfGovernment": "Unitary Islamic absolute monarchy",
      "religion": "Sunni Islam"
    },
    {
      "countryName": "Senegal",
      "capitalName": "Dakar",
      "flagName": "sn",
      "worldPartCode": 2,
      "square": "196,712",
      "population": "15,854,323",
      "language": "French",
      "currency": "West African franc (XOF)",
      "formOfGovernment": "Unitary dominant-party presidential republic",
      "religion": "Islam"
    },
    {
      "countryName": "Serbia",
      "capitalName": "Belgrade",
      "flagName": "rs",
      "worldPartCode": 0,
      "square": "88,361",
      "population": "6,926,705",
      "language": "Serbian",
      "currency": "Serbian dinar (RSD)",
      "formOfGovernment": "Unitary parliamentary constitutional republic",
      "religion": "Christianity, Serbian Orthodoxy, Catholicism"
    },
    {
      "countryName": "Seychelles",
      "capitalName": "Victoria",
      "flagName": "sc",
      "worldPartCode": 2,
      "square": "459",
      "population": "98,462",
      "language": "English, French, Seychellois Creole",
      "currency": "Seychellois rupee (SCR)",
      "formOfGovernment": "Unitary presidential republic",
      "religion": "Christianity, Catholicism"
    },
    {
      "countryName": "Sierra Leone",
      "capitalName": "Freetown",
      "flagName": "sl",
      "worldPartCode": 2,
      "square": "71,740",
      "population": "8,059,155",
      "language": "English",
      "currency": "Leone (SLL)",
      "formOfGovernment": "Unitary presidential constitutional republic",
      "religion": "Islam, Christianity"
    },
    {
      "countryName": "Singapore",
      "capitalName": "Singapore",
      "flagName": "sg",
      "worldPartCode": 1,
      "square": "728.3",
      "population": "5,703,600",
      "language": "English, Malay, Mandarin, Tamil",
      "currency": "Singapore dollar (SGD)",
      "formOfGovernment": "Unitary dominant-party parliamentary constitutional republic",
      "religion": "Buddhism, Christianity, Islam"
    },
    {
      "countryName": "Slovakia",
      "capitalName": "Bratislava",
      "flagName": "sk",
      "worldPartCode": 0,
      "square": "49,035",
      "population": "5,464,060",
      "language": "Slovak",
      "currency": "Euro (EUR)",
      "formOfGovernment": "Unitary parliamentary republic",
      "religion": "Christianity, No religion"
    },
    {
      "countryName": "Slovenia",
      "capitalName": "Ljubljana",
      "flagName": "si",
      "worldPartCode": 0,
      "square": "20,271",
      "population": "2,111,461",
      "language": "Slovene",
      "currency": "Euro (EUR)",
      "formOfGovernment": "Unitary parliamentary constitutional republic",
      "religion": "Christianity, Catholicism, Orthodoxy"
    },
    {
      "countryName": "Solomon Islands",
      "capitalName": "Honiara",
      "flagName": "sb",
      "worldPartCode": 3,
      "square": "28,400",
      "population": "652,857",
      "language": "English",
      "currency": "Solomon Islands dollar (SBD)",
      "formOfGovernment": "Unitary parliamentary constitutional monarchy",
      "religion": "Christianity, Protestantism, Catholicism"
    },
    {
      "countryName": "Somalia",
      "capitalName": "Mogadishu",
      "flagName": "so",
      "worldPartCode": 2,
      "square": "637,657",
      "population": "15,893,219",
      "language": "Somali, Arabic",
      "currency": "Somali shilling (SOS)",
      "formOfGovernment": "Federal parliamentary republic",
      "religion": "Islam"
    },
    {
      "countryName": "South Africa",
      "capitalName": "Cape Town",
      "flagName": "za",
      "worldPartCode": 2,
      "square": "1,221,037",
      "population": "59,622,350",
      "language": "English, isiZulu, isiXhosa, Afrikaans, Sepedi",
      "currency": "South African rand (ZAR)",
      "formOfGovernment": "Unitary dominant-party parliamentary republic",
      "religion": "Christianity, Protestantism, Other Christian, No religion"
    },
    {
      "countryName": "South Sudan",
      "capitalName": "Juba",
      "flagName": "ss",
      "worldPartCode": 2,
      "square": "619,745",
      "population": "12,778,250",
      "language": "English",
      "currency": "South Sudanese pound (SSP)",
      "formOfGovernment": "Federal presidential constitutional republic",
      "religion": "Christianity, Protestant, Roman Catholic"
    },
    {
      "countryName": "Spain",
      "capitalName": "Madrid",
      "flagName": "es",
      "worldPartCode": 0,
      "square": "505,990",
      "population": "47,450,795",
      "language": "Spanish",
      "currency": "Euro (EUR)",
      "formOfGovernment": "Unitary parliamentary constitutional monarchy",
      "religion": "Christianity, Roman Catholic"
    },
    {
      "countryName": "Sri Lanka",
      "capitalName": "Sri Jayawardenepura Kotte",
      "flagName": "lk",
      "worldPartCode": 1,
      "square": "65,610",
      "population": "21,803,000",
      "language": "Sinhala, Tami",
      "currency": "Sri Lankan rupee (LKR)",
      "formOfGovernment": "Unitary semi-presidential constitutional republic",
      "religion": "Buddhism"
    },
    {
      "countryName": "Sudan",
      "capitalName": "Khartoum",
      "flagName": "sd",
      "worldPartCode": 2,
      "square": "1,886,068",
      "population": "44,909,353",
      "language": "Arabic, English",
      "currency": "Sudanese pound (SDG)",
      "formOfGovernment": "Federal provisional government",
      "religion": "Islam"
    },
    {
      "countryName": "Suriname",
      "capitalName": "Paramaribo",
      "flagName": "sr",
      "worldPartCode": 5,
      "square": "163,821",
      "population": "575,990",
      "language": "Dutch",
      "currency": "Surinamese dollar (SRD)",
      "formOfGovernment": "Unitary assembly-independent republic",
      "religion": "Christian, Hindu, Muslim"
    },
    {
      "countryName": "Eswatini",
      "capitalName": "Lobamba",
      "flagName": "sz",
      "worldPartCode": 2,
      "square": "17,364",
      "population": "1,136,281",
      "language": "Swazi, English",
      "currency": "Lilangeni (SZL)",
      "formOfGovernment": "Unitary absolute monarchy",
      "religion": "Christianity, Protestantism"
    },
    {
      "countryName": "Sweden",
      "capitalName": "Stockholm",
      "flagName": "se",
      "worldPartCode": 0,
      "square": "450,295",
      "population": "10,380,491",
      "language": "Swedish",
      "currency": "Swedish krona (SEK)",
      "formOfGovernment": "Unitary parliamentary constitutional monarchy",
      "religion": "Christianity, Church of Sweden"
    },
    {
      "countryName": "Switzerland",
      "capitalName": "Bern",
      "flagName": "ch",
      "worldPartCode": 0,
      "square": "41,285",
      "population": "8,570,146",
      "language": "German, French, Italian",
      "currency": "Swiss franc (CHF)",
      "formOfGovernment": "Federal semi-direct democracy under a multi-party assembly-independent directorial republic",
      "religion": "Christianity, Roman Catholic, Swiss Reformed"
    },
    {
      "countryName": "Syria",
      "capitalName": "Damascus",
      "flagName": "sy",
      "worldPartCode": 1,
      "square": "185,180",
      "population": "17,500,657",
      "language": "Arabic",
      "currency": "Syrian pound (SYP)",
      "formOfGovernment": "Unitary dominant-party semi-presidential Ba’athist republic",
      "religion": "Islam, Christianity"
    },
    {
      "countryName": "Tajikistan",
      "capitalName": "Dushanbe",
      "flagName": "tj",
      "worldPartCode": 1,
      "square": "143,100",
      "population": "9,537,645",
      "language": "Tajiki",
      "currency": "Somoni (TJS)",
      "formOfGovernment": "Unitary dominant-party presidential constitutional secular republic",
      "religion": "Muslims"
    },
    {
      "countryName": "Tanzania",
      "capitalName": "Dodoma",
      "flagName": "tz",
      "worldPartCode": 2,
      "square": "947,303",
      "population": "56,313,438",
      "language": "English, Swahili",
      "currency": "Tanzanian shilling (TZS)",
      "formOfGovernment": "Unitary dominant party presidential constitutional republic",
      "religion": "Christianity, Islam"
    },
    {
      "countryName": "Thailand",
      "capitalName": "Bangkok",
      "flagName": "th",
      "worldPartCode": 1,
      "square": "513,120",
      "population": "66,558,935",
      "language": "Thai",
      "currency": "Baht (THB)",
      "formOfGovernment": "Unitary parliamentary constitutional monarchy",
      "religion": "Buddhism, Islam, Christianity"
    },
    {
      "countryName": "Togo",
      "capitalName": "Lomé",
      "flagName": "tg",
      "worldPartCode": 2,
      "square": "56,785",
      "population": "8,608,444",
      "language": "French",
      "currency": "West African CFA franc (XOF)",
      "formOfGovernment": "Unitary dominant-party presidential republic",
      "religion": "Christianity, Traditional faiths"
    },
    {
      "countryName": "Tonga",
      "capitalName": "Nuku'alofa",
      "flagName": "to",
      "worldPartCode": 3,
      "square": "748",
      "population": "100,651",
      "language": "English, Tongan",
      "currency": "Pa`anga (TOP)",
      "formOfGovernment": "Unitary parliamentary constitutional monarchy",
      "religion": "Christianity, Methodism, Mormonism"
    },
    {
      "countryName": "Trinidad and Tobago",
      "capitalName": "Port of Spain",
      "flagName": "tt",
      "worldPartCode": 4,
      "square": "5,131",
      "population": "1,366,725",
      "language": "English",
      "currency": "Trinidad and Tobago dollar (TTD)",
      "formOfGovernment": "Unitary parliamentary constitutional republic",
      "religion": "Christian, Hindu, Muslim"
    },
    {
      "countryName": "Tunisia",
      "capitalName": "Tunis",
      "flagName": "tn",
      "worldPartCode": 2,
      "square": "163,610",
      "population": "11,708,370",
      "language": "Arabic",
      "currency": "Tunisian dinar (TND)",
      "formOfGovernment": "Unitary semi-presidential constitutional republic",
      "religion": "Islam"
    },
    {
      "countryName": "Turkey",
      "capitalName": "Ankara",
      "flagName": "tr",
      "worldPartCode": 1,
      "square": "783,356",
      "population": "83,614,362",
      "language": "Turkish",
      "currency": "Turkish lira (TRY)",
      "formOfGovernment": "Unitary presidential constitutional republic",
      "religion": "Islam, Deism"
    },
    {
      "countryName": "Turkmenistan",
      "capitalName": "Ashgabat",
      "flagName": "tm",
      "worldPartCode": 1,
      "square": "491,210",
      "population": "6,031,187",
      "language": "Turkmen",
      "currency": "Turkmenistan manat (TMT)",
      "formOfGovernment": "Unitary dominant-party presidential republic",
      "religion": "Muslims, Christians"
    },
    {
      "countryName": "Tuvalu",
      "capitalName": "Funafuti",
      "flagName": "tv",
      "worldPartCode": 3,
      "square": "26",
      "population": "11,646",
      "language": "English, Tuvaluan",
      "currency": "Tuvaluan dollar",
      "formOfGovernment": "Unitary non-partisan parliamentary constitutional monarchy",
      "religion": "Christianity"
    },
    {
      "countryName": "Uganda",
      "capitalName": "Kampala",
      "flagName": "ug",
      "worldPartCode": 2,
      "square": "241,038",
      "population": "42,729,036",
      "language": "English, Swahili",
      "currency": "Ugandan shilling (UGX)",
      "formOfGovernment": "Unitary dominant-party presidential republic",
      "religion": "Christianity, Catholicism, Anglicanism"
    },
    {
      "countryName": "Ukraine",
      "capitalName": "Kyiv",
      "flagName": "ua",
      "worldPartCode": 0,
      "square": "603,628",
      "population": "41,554,836",
      "language": "Ukrainian",
      "currency": "Hryvnia (UAH)",
      "formOfGovernment": "Unitary semi-presidential constitutional republic",
      "religion": "Christianity"
    },
    {
      "countryName": "United Arab Emirates",
      "capitalName": "Abu Dhabi",
      "flagName": "ae",
      "worldPartCode": 1,
      "square": "83,600",
      "population": "9,890,400",
      "language": "Arabic",
      "currency": "UAE dirham (AED)",
      "formOfGovernment": "Federal presidential elective constitutional monarchy",
      "religion": "Islam"
    },
    {
      "countryName": "United Kingdom",
      "capitalName": "London",
      "flagName": "gb",
      "worldPartCode": 0,
      "square": "242,495",
      "population": "67,886,004",
      "language": "English",
      "currency": "Pound sterling (GBP)",
      "formOfGovernment": "Unitary parliamentary constitutional monarchy",
      "religion": "Christianity, No religion"
    },
    {
      "countryName": "United States",
      "capitalName": "Washington",
      "flagName": "us",
      "worldPartCode": 4,
      "square": "9,833,520",
      "population": "328,239,523",
      "language": "English",
      "currency": "United States dollar (USD)",
      "formOfGovernment": "Federal presidential constitutional republic",
      "religion": "Protestantism, Catholicism"
    },
    {
      "countryName": "Uruguay",
      "capitalName": "Montevideo",
      "flagName": "uy",
      "worldPartCode": 5,
      "square": "176,215",
      "population": "3,518,552",
      "language": "Spanish",
      "currency": "Uruguayan peso (UYU)",
      "formOfGovernment": "Unitary presidential constitutional republic",
      "religion": "Christianity, No religion"
    },
    {
      "countryName": "Uzbekistan",
      "capitalName": "Tashkent",
      "flagName": "uz",
      "worldPartCode": 1,
      "square": "448,978",
      "population": "34,588,900",
      "language": "Uzbek",
      "currency": "Uzbek som (UZS)",
      "formOfGovernment": "Unitary presidential constitutional secular republic",
      "religion": "Muslims, Christians"
    },
    {
      "countryName": "Vanuatu",
      "capitalName": "Port Vila",
      "flagName": "vu",
      "worldPartCode": 3,
      "square": "12,189",
      "population": "307,815",
      "language": "Bislama, English, French",
      "currency": "Vatu (VUV)",
      "formOfGovernment": "Unitary parliamentary republic",
      "religion": "Christianity, Presbyterianism"
    },
    {
      "countryName": "Vatican City",
      "capitalName": "Vatican City",
      "flagName": "va",
      "worldPartCode": 0,
      "square": "0.49",
      "population": "825",
      "language": "Italian",
      "currency": "Euro (EUR)",
      "formOfGovernment": "Unitary Christian absolute monarchy",
      "religion": "Roman Catholicism"
    },
    {
      "countryName": "Venezuela",
      "capitalName": "Caracas",
      "flagName": "ve",
      "worldPartCode": 5,
      "square": "916,445",
      "population": "28,887,118",
      "language": "Spanish",
      "currency": "Bolívar Soberano (VES)",
      "formOfGovernment": "Federal dominant-party presidential constitutional republic",
      "religion": "Christianity, Roman Catholic, Protestant"
    },
    {
      "countryName": "Vietnam",
      "capitalName": "Hanoi",
      "flagName": "vn",
      "worldPartCode": 1,
      "square": "331,699",
      "population": "96,208,984",
      "language": "Vietnamese",
      "currency": "Dong  (VND)",
      "formOfGovernment": "Unitary Marxist–Leninist one-party socialist republic",
      "religion": "Folk, Buddhism"
    },
    {
      "countryName": "Yemen",
      "capitalName": "Sana'a",
      "flagName": "ye",
      "worldPartCode": 1,
      "square": "555,000",
      "population": "28,498,683",
      "language": "Arabic",
      "currency": "Yemeni rial (YER)",
      "formOfGovernment": "Unitary provisional government",
      "religion": "Islam"
    },
    {
      "countryName": "Zambia",
      "capitalName": "Lusaka",
      "flagName": "zm",
      "worldPartCode": 2,
      "square": "752,618",
      "population": "17,351,708",
      "language": "English",
      "currency": "Zambian kwacha (ZMW)",
      "formOfGovernment": "Unitary presidential constitutional republic",
      "religion": "Christianity"
    },
    {
      "countryName": "Zimbabwe",
      "capitalName": "Harare",
      "flagName": "zw",
      "worldPartCode": 2,
      "square": "390,757",
      "population": "390,757",
      "language": "Chewa, Chibarwe, English, Kalanga",
      "currency": "Zimbabwean dollar (RTG)",
      "formOfGovernment": "Unitary dominant-party presidential constitutional republic",
      "religion": "Christianity, Protestantism"
    }
  ]
}